GENESIS ONE — iPSC Colony Tracking Dataset  |  Synthetic Simulation Based on Yoshida et al. (2019),,,,,,,,,,,,,,,,,,,,,,,,,
Colony ID,Stress Condition,Day,Growth Start Day,Diameter um,Area um2,Compactness,Perimeter um,Shape Factor,Inner Radius um,Equiv Radius um,Rod Like Width um,Mean Intensity,Median Intensity,StdDev Intensity,CV Intensity,Correlation,Energy,Entropy,Homogeneity,Inertia,Colony Instability Index,Size Classification,Drift Risk,OCT3 4 Staining Rate,rBC2LCN Staining Rate
COL_001,Low,3,3,287.3,64815,0.7613,891.9,0.9305,91.7,143.6,238.8,134.51,132.19,20.14,0.1497,0.5969,0.0855,6.2968,0.6463,149.62,31.47,Immature,Low,—,—
COL_001,Low,4,3,666.6,348969,0.667,2247.6,0.8042,201.1,333.3,528.6,121.47,122.02,17.4,0.1432,0.7019,0.1142,6.3503,0.6439,235.57,32.80,Standard,Low,—,—
COL_001,Low,5,3,1206.8,1143904,0.8458,3560,0.8346,302.9,603.4,961.7,130.36,134.05,22.69,0.174,0.7259,0.0904,6.1537,0.6368,166.18,30.53,Standard,Low,—,—
COL_001,Low,6,3,1947.6,2979060,0.639,6217.6,0.793,551.3,973.8,1703.1,140.37,145.03,18.64,0.1328,0.7765,0.1395,6.0763,0.6512,174.43,26.70,Overgrown,Low,—,—
COL_001,Low,7,3,2709.4,5765631,0.845,9089.1,0.815,880.8,1354.7,2342.2,120.26,122.07,28.15,0.2341,0.8752,0.0676,6.1857,0.7293,182.61,27.38,Overgrown,Low,52.8,20.0
COL_002,Low,4,4,374.6,110218,0.7153,1147.4,0.8841,115.5,187.3,310.5,134.16,134.64,25.87,0.1929,0.7238,0.1122,5.9192,0.5922,188.88,31.24,Immature,Low,—,—
COL_002,Low,5,4,962.1,726957,0.7612,2808.6,0.7906,280.4,481,786.9,126.06,128.08,29.54,0.2344,0.7706,0.1185,6.2698,0.5649,179.2,37.04,Standard,Medium,—,—
COL_002,Low,6,4,1844.5,2672065,0.7646,5882,0.8176,499.5,922.2,1652.1,137.02,140.98,18.36,0.134,0.6379,0.1317,6.7611,0.8114,150.28,30.68,Overgrown,Low,—,—
COL_002,Low,7,4,2721.7,5817872,0.7397,7887.5,0.8248,744.2,1360.8,2365,116.97,124.72,18.87,0.1613,0.8151,0.0954,6.0712,0.6936,219.21,21.15,Overgrown,Low,44.5,25.6
COL_003,Low,2,2,235.6,43597,0.8038,749.4,0.8443,66.7,117.8,202.5,131.52,127.95,29.46,0.224,0.6547,0.1331,6.3895,0.6215,203.61,39.40,Immature,Medium,—,—
COL_003,Low,3,2,568.1,253451,0.8571,1821.5,0.8775,197.4,284,477.3,118.96,114.51,18.74,0.1575,0.7773,0.1255,6.1692,0.7296,180.39,27.31,Immature,Low,—,—
COL_003,Low,4,2,1046.2,859577,0.9976,3389.4,0.76,285.8,523.1,909.4,125.32,128.89,23.89,0.1907,0.6823,0.0897,6.1709,0.6532,205.69,23.89,Standard,Low,—,—
COL_003,Low,5,2,1601,2013084,0.7939,5126.5,0.7581,486.4,800.5,1364.6,114.28,116.07,24.24,0.2121,0.8343,0.0924,6.6332,0.6237,195.45,38.75,Overgrown,Medium,—,—
COL_003,Low,6,2,2376.2,4434666,1,7678.2,0.8995,769.5,1188.1,2081.7,124.22,128.01,18.91,0.1522,0.7112,0.1216,6.1053,0.8189,123.98,17.62,Overgrown,Low,—,—
COL_003,Low,7,2,3101.7,7556018,0.7422,10274.9,0.8245,846.9,1550.9,2547.7,136.16,132.5,22.87,0.1679,0.6979,0.1629,6.2182,0.718,119.25,30.05,Overgrown,Low,42.0,27.8
COL_004,Low,2,2,228.9,41153,0.684,707.1,0.7868,64.9,114.5,210.7,132.86,126.56,25.67,0.1932,0.8326,0.0896,7.0489,0.6509,218.01,44.65,Immature,Medium,—,—
COL_004,Low,3,2,565.9,251502,0.842,1695.4,0.8158,123.9,282.9,457.8,124.97,118.73,28.53,0.2283,0.7148,0.1226,5.6279,0.7665,136.92,22.75,Immature,Low,—,—
COL_004,Low,4,2,1010.6,802207,0.7015,3248.4,0.8339,288,505.3,861.9,123.38,123.94,24.65,0.1998,0.651,0.1627,6.8344,0.5629,175.45,46.49,Standard,Medium,—,—
COL_004,Low,5,2,1586.4,1976658,0.7302,4932.1,0.7855,452.6,793.2,1402.4,132.28,128.82,25.6,0.1935,0.815,0.1326,6.3229,0.6303,163.19,37.22,Overgrown,Medium,—,—
COL_004,Low,6,2,2284.1,4097424,0.7783,7217.7,0.9094,651.4,1142,1991.4,125.57,124.49,26.4,0.2102,0.8151,0.1461,6.5302,0.6813,200.46,34.84,Overgrown,Low,—,—
COL_004,Low,7,2,3071.8,7410965,0.7696,9697.1,0.8617,858.7,1535.9,2868.1,115.93,109.86,26.63,0.2297,0.7999,0.1326,6.5167,0.6793,153.08,36.22,Overgrown,Medium,41.0,25.2
COL_005,Low,2,2,225,39761,0.7349,677.8,0.8371,68.9,112.5,186.7,122.35,123.51,16.21,0.1325,0.6925,0.1157,5.637,0.6987,224.26,20.72,Immature,Low,—,—
COL_005,Low,3,2,500.8,196978,0.7785,1494.4,0.8187,146.6,250.4,432.1,118.07,120.67,28.13,0.2383,0.7821,0.1338,6.1565,0.6559,186.72,31.70,Immature,Low,—,—
COL_005,Low,4,2,912.3,653692,0.7182,2869.6,0.8549,306.8,456.2,810.5,153.84,150,25.49,0.1657,0.9252,0.1038,6.2733,0.6296,162.02,28.19,Standard,Low,—,—
COL_005,Low,5,2,1405.1,1550715,0.7193,4447.6,0.8439,487.5,702.6,1247.8,121.08,116.59,23.97,0.198,0.8965,0.1436,5.6719,0.6518,128.61,28.25,Overgrown,Low,—,—
COL_005,Low,6,2,2030.6,3238550,0.879,5870.8,0.778,609.5,1015.3,1729.8,122.6,125.71,17.73,0.1446,0.7596,0.1303,6.143,0.7227,146.26,16.97,Overgrown,Low,—,—
COL_005,Low,7,2,2809.3,6198685,0.8066,8495.5,0.9286,850.9,1404.7,2520.5,128.81,139.11,29.02,0.2253,0.8277,0.1329,6.1004,0.7621,151.05,29.82,Overgrown,Low,57.5,20.0
COL_006,Low,2,2,225,39761,0.9002,709.5,0.934,59.7,112.5,175.9,127.33,129.25,21.87,0.1717,0.7429,0.0939,5.373,0.7202,191,8.70,Immature,Low,—,—
COL_006,Low,3,2,485.3,184989,0.6953,1519.9,0.8869,133.6,242.7,422.3,121.64,117.67,21.57,0.1773,0.7057,0.096,5.7859,0.7979,181.06,19.67,Immature,Low,—,—
COL_006,Low,4,2,896,630503,0.771,2783.7,0.863,285.8,448,742.6,121.09,119.71,12.79,0.1056,0.8593,0.1529,5.5939,0.6651,197.3,16.48,Standard,Low,—,—
COL_006,Low,5,2,1480.6,1721703,0.8696,4621.7,0.7531,384.7,740.3,1270.5,118.92,111.81,19.41,0.1632,0.885,0.1376,5.7674,0.6795,224.4,18.37,Overgrown,Low,—,—
COL_006,Low,6,2,1961.6,3022118,0.9018,6328.6,0.7474,579.1,980.8,1598.7,111.41,116.04,29.64,0.266,0.795,0.107,5.6406,0.6508,162.23,18.51,Overgrown,Low,—,—
COL_006,Low,7,2,2697.8,5716376,0.7135,8590.1,0.8165,793.2,1348.9,2195.2,121.08,124.86,24,0.1982,0.7579,0.135,5.809,0.5798,196.3,26.25,Overgrown,Low,38.0,20.0
COL_007,Low,2,2,225,39761,0.7077,729.4,0.7037,67.1,112.5,180.4,120.18,120.41,18.56,0.1544,0.8305,0.1085,6.0462,0.7301,146.11,27.08,Immature,Low,—,—
COL_007,Low,3,2,377.6,111990,0.5823,1139,0.8604,111.4,188.8,326.6,120.75,121.19,21.38,0.177,0.7704,0.1268,6.6671,0.6553,165.37,40.55,Immature,Medium,—,—
COL_007,Low,4,2,661.6,343732,0.7463,2108.4,0.9653,212.9,330.8,553.7,142.41,140.37,13.85,0.0972,0.6003,0.113,5.7968,0.6811,230.29,20.44,Standard,Low,—,—
COL_007,Low,5,2,1018.2,814182,0.8464,2845,0.8365,325.1,509.1,805.2,141.73,143.42,20.34,0.1435,0.9317,0.1236,6.4531,0.6949,166.22,26.65,Standard,Low,—,—
COL_007,Low,6,2,1487.1,1736894,0.7115,4688.6,0.7866,463.9,743.6,1283.9,140.45,137.9,20.92,0.149,0.7145,0.1275,5.8085,0.7254,152.34,25.72,Overgrown,Low,—,—
COL_007,Low,7,2,2025.1,3220816,0.8131,6958.9,0.7658,544.5,1012.5,1577.2,145.95,149.22,21.78,0.1492,0.66,0.1689,6.312,0.6878,183.28,31.16,Overgrown,Low,49.9,23.7
COL_008,Low,4,4,422.5,140168,0.9075,1293.3,0.7507,125.4,211.2,360,141.13,132.67,28.12,0.1992,0.7158,0.0998,6.1368,0.5807,204.7,29.59,Immature,Low,—,—
COL_008,Low,5,4,975,746631,0.6764,3011.6,0.9368,286.2,487.5,770.1,125.05,123.69,11.21,0.0897,0.7315,0.1339,6.1783,0.7909,213.8,22.41,Standard,Low,—,—
COL_008,Low,6,4,1783.7,2498791,0.9859,5620.2,0.821,534,891.8,1530.3,126.27,123.4,19.81,0.1569,0.7065,0.1057,6.1869,0.6864,172.35,25.49,Overgrown,Low,—,—
COL_008,Low,7,4,2703.5,5740367,0.8673,9022.4,0.6749,787.9,1351.7,2257.8,111.11,107.22,17.56,0.158,0.8249,0.1454,6.9009,0.7233,146.13,31.62,Overgrown,Low,55.8,20.0
COL_009,Low,2,2,234.8,43314,0.8155,724.5,0.9012,64.1,117.4,205.4,135.12,133.57,23.3,0.1725,0.8239,0.1163,5.6996,0.6486,211.47,19.35,Immature,Low,—,—
COL_009,Low,3,2,552.4,239660,0.6555,1788,0.7304,190,276.2,423.5,148.36,149.41,21.61,0.1457,0.7819,0.1192,5.982,0.7462,183.43,27.67,Immature,Low,—,—
COL_009,Low,4,2,1033.1,838299,0.7754,3295.6,0.7003,275.1,516.6,908.9,130.05,129.13,22.07,0.1697,0.7068,0.1044,6.339,0.6918,150.65,31.79,Standard,Low,—,—
COL_009,Low,5,2,1569.4,1934461,0.8623,5046.9,0.8379,509.4,784.7,1438.5,140.17,130.97,16.88,0.1204,0.7521,0.1304,5.9501,0.6365,185.6,18.64,Overgrown,Low,—,—
COL_009,Low,6,2,2304.6,4171385,0.6675,6905.9,0.7254,635.2,1152.3,2056,116.61,129.77,23.97,0.2056,0.6813,0.134,6.2739,0.6455,183.66,42.62,Overgrown,Medium,—,—
COL_009,Low,7,2,3147.7,7781539,0.8719,9541,0.8176,1083.6,1573.8,2596.6,149.75,153.29,19.75,0.1319,0.8278,0.1324,6.453,0.5858,158.19,30.12,Overgrown,Low,43.0,21.2
COL_010,Low,2,2,225,39761,0.8248,745.1,0.8784,70.1,112.5,190.6,108.07,110.22,22.83,0.2113,0.6479,0.0984,6.3086,0.7432,178.81,29.77,Immature,Low,—,—
COL_010,Low,3,2,548.4,236237,0.7824,1803.8,0.7839,165.8,274.2,456,122.79,121.24,22.89,0.1864,0.8505,0.1021,6.0085,0.6688,166.81,30.72,Immature,Low,—,—
COL_010,Low,4,2,996,779061,0.8625,2896.5,0.8387,320.9,498,849.8,140.79,138.2,27.64,0.1963,0.721,0.1111,7.1196,0.7672,227.39,38.99,Standard,Medium,—,—
COL_010,Low,5,2,1533.7,1847449,0.7575,4494.4,0.7557,421.6,766.9,1256.5,127.58,128.75,28.2,0.221,0.8287,0.1157,5.8007,0.677,200.24,23.09,Overgrown,Low,—,—
COL_010,Low,6,2,2231.5,3911026,0.7933,7183.1,0.8402,806.4,1115.8,1839.9,121.63,118.51,19.78,0.1626,0.8451,0.1484,5.945,0.6458,155.03,25.54,Overgrown,Low,—,—
COL_010,Low,7,2,2971.1,6933010,0.8306,9428.7,0.7139,1006.3,1485.5,2738.9,120.65,118.71,23.14,0.1918,0.8027,0.1602,6.3338,0.6694,156.05,25.79,Overgrown,Low,43.6,22.0
COL_011,Low,2,2,260.2,53187,0.7979,816.9,0.9032,94.5,130.1,215.7,122.13,127.35,24.73,0.2025,0.7967,0.1128,6.9387,0.7154,213.26,42.08,Immature,Medium,—,—
COL_011,Low,3,2,678.2,361220,0.8653,2255.1,0.9168,214.5,339.1,571.9,129.76,135.79,18.73,0.1444,0.7185,0.1206,6.3475,0.7567,185.73,24.84,Standard,Low,—,—
COL_011,Low,4,2,1168.6,1072515,0.8397,3789.7,0.9714,341.6,584.3,1003.5,130.99,138.88,21.62,0.165,0.7986,0.1237,6.3116,0.6532,185.82,32.18,Standard,Low,—,—
COL_011,Low,5,2,1846.3,2677416,0.7906,5597.4,0.9037,483.6,923.2,1528.1,132.53,140.35,21.74,0.164,0.9005,0.091,5.9779,0.5481,193.2,26.61,Overgrown,Low,—,—
COL_011,Low,6,2,2652.1,5524287,0.8367,8433.4,0.7805,710.7,1326.1,2346.9,135.8,135.31,29.39,0.2164,0.628,0.1062,5.772,0.6773,187.3,23.52,Overgrown,Low,—,—
COL_011,Low,7,2,3676.2,10614373,0.6799,12382.9,0.8142,1205.6,1838.1,3175.2,133.48,136.33,23.79,0.1782,0.8563,0.1239,6.4571,0.7225,177.31,39.61,Overgrown,Medium,38.4,30.2
COL_012,Low,2,2,225,39761,0.8473,683.8,0.7888,56.9,112.5,187.2,98.91,90.99,25.04,0.2532,0.784,0.1007,6.5143,0.6771,179.89,29.41,Immature,Low,—,—
COL_012,Low,3,2,549.8,237443,0.8502,1708.3,0.8219,167.8,274.9,422.5,125.03,121.62,17.99,0.1439,0.8938,0.1328,6.0876,0.6457,197.18,27.86,Immature,Low,—,—
COL_012,Low,4,2,973.9,744975,0.7848,2960.7,0.8689,301.8,487,862.7,135.62,140.87,19.86,0.1464,0.7658,0.1615,6.727,0.6386,232.08,36.92,Standard,Medium,—,—
COL_012,Low,5,2,1466.6,1689252,0.7413,4533.6,0.8497,459.1,733.3,1212.9,127.71,138.42,28.91,0.2264,0.753,0.1224,6.3745,0.7168,149.32,34.14,Overgrown,Low,—,—
COL_012,Low,6,2,2064.8,3348626,0.8119,6696.8,0.7862,700.7,1032.4,1653.9,110.43,111.55,26.19,0.2372,0.7133,0.1416,6.8736,0.6777,174.82,42.55,Overgrown,Medium,—,—
COL_012,Low,7,2,2910.9,6654835,0.6539,9819.9,0.9166,827.7,1455.4,2520.3,133.93,135.23,19.8,0.1478,0.748,0.1435,5.9314,0.7126,168.88,28.75,Overgrown,Low,25.4,30.7
COL_013,Low,2,2,225,39761,0.8729,690.3,0.8443,67.2,112.5,195.5,128.92,122.51,25.99,0.2016,0.6255,0.1114,6.0025,0.77,205.51,21.55,Immature,Low,—,—
COL_013,Low,3,2,364,104070,0.7543,1262.3,0.8467,113.1,182,324.4,130.87,129.57,21.21,0.1621,0.747,0.1346,6.1714,0.6831,201.98,28.23,Immature,Low,—,—
COL_013,Low,4,2,666.5,348938,0.6201,2190,0.8443,216.6,333.3,489.3,153.06,152.36,26.43,0.1727,0.799,0.0989,5.784,0.6426,237.42,29.74,Standard,Low,—,—
COL_013,Low,5,2,1043.2,854678,0.8496,3358.4,0.8305,322.5,521.6,987,127.31,128.31,26.2,0.2058,0.845,0.1328,6.6422,0.6114,229,33.52,Standard,Low,—,—
COL_013,Low,6,2,1495.6,1756734,0.7197,4683.4,0.843,460.7,747.8,1296.5,147.36,149.63,21.02,0.1427,0.8452,0.0954,6.5856,0.7158,201.04,33.92,Overgrown,Low,—,—
COL_013,Low,7,2,2056.7,3322174,0.768,6501.8,0.8079,617.8,1028.3,1658,110.72,118.69,18.61,0.1681,0.5777,0.1072,5.8034,0.6006,229.26,26.33,Overgrown,Low,35.8,31.7
COL_014,Low,3,3,225,39761,0.6688,648.7,0.8916,81.2,112.5,203.7,134.77,137.74,25.41,0.1886,0.7725,0.1221,6.5036,0.6762,157.38,37.45,Immature,Medium,—,—
COL_014,Low,4,3,345.7,93885,0.7721,1032.5,0.7427,105.3,172.9,313.1,139.02,131.17,18.04,0.1298,0.6714,0.1155,6.5763,0.713,150.95,31.99,Immature,Low,—,—
COL_014,Low,5,3,636.7,318435,0.7319,2032.4,0.7085,198,318.4,540.7,134.63,135.75,27.46,0.2039,0.7156,0.1224,6.2501,0.7126,181.47,32.83,Standard,Low,—,—
COL_014,Low,6,3,1012.3,804911,0.727,2957.3,0.9425,272.2,506.2,832.4,119.38,123.85,20.82,0.1744,0.6961,0.1256,6.6991,0.6299,244.35,34.78,Standard,Low,—,—
COL_014,Low,7,3,1479.8,1719835,0.8307,4745.1,0.807,439.1,739.9,1260.4,126.24,131.06,30.84,0.2443,0.6404,0.1182,5.977,0.8348,155.89,29.20,Overgrown,Low,67.3,28.0
COL_015,Low,5,5,474.9,177146,0.7497,1476.8,0.7793,130.4,237.5,391.3,113.31,113.48,18.92,0.167,0.6255,0.1266,6.2935,0.73,120.19,29.24,Immature,Low,—,—
COL_015,Low,6,5,1168.8,1072913,0.6832,3978.9,0.8493,330,584.4,990.9,134.7,135.08,24.16,0.1793,0.7635,0.0917,5.8317,0.6733,152.88,25.02,Standard,Low,—,—
COL_015,Low,7,5,2102,3470138,0.8673,6804.7,0.7435,614,1051,1888.7,129.7,141.3,23.57,0.1818,0.7253,0.1227,6.2768,0.6709,201.24,31.02,Overgrown,Low,45.5,20.0
COL_016,Low,3,3,225,39761,0.6917,630.8,0.8472,81.5,112.5,191.2,138.06,138.47,21.6,0.1565,0.7268,0.1253,6.5676,0.6993,159.96,39.06,Immature,Medium,—,—
COL_016,Low,4,3,429.3,144739,0.7195,1384.8,0.7571,129.1,214.6,364.7,141.03,143.4,21.9,0.1553,0.8612,0.1312,6.5271,0.6806,140.64,32.06,Immature,Low,—,—
COL_016,Low,5,3,774.7,471376,0.7312,2411.1,0.824,242.7,387.4,656.3,133.84,134.16,14.1,0.1053,0.7385,0.0958,5.8243,0.716,225.92,23.23,Standard,Low,—,—
COL_016,Low,6,3,1213,1155525,0.8993,3838.9,0.7964,345.3,606.5,1016.3,123.34,124.19,22.64,0.1836,0.785,0.1438,6.2012,0.737,135.45,16.28,Overgrown,Low,—,—
COL_016,Low,7,3,1774.7,2473686,0.6706,5512.8,0.7381,452.5,887.4,1546.9,137.11,134.23,11.64,0.0849,0.7813,0.0904,5.9815,0.691,179.54,24.88,Overgrown,Low,40.0,21.1
COL_017,Low,3,3,236.1,43795,0.7445,709,0.8079,80.9,118.1,187.8,108.64,115.99,21.16,0.1948,0.8332,0.1079,5.9324,0.7896,200.34,21.03,Immature,Low,—,—
COL_017,Low,4,3,655.1,337060,0.7315,2134.4,0.841,217.8,327.6,597.8,128.38,124.62,23.84,0.1857,0.9111,0.1227,5.9289,0.6581,185.54,23.41,Standard,Low,—,—
COL_017,Low,5,3,1087.9,929465,0.876,3305.4,0.7467,341,543.9,976.3,136.63,141.61,18.97,0.1389,0.8701,0.1135,5.6313,0.665,219.85,17.72,Standard,Low,—,—
COL_017,Low,6,3,1755.9,2421406,0.9532,5338.7,0.8849,529.3,877.9,1511.3,146.34,148.88,24.15,0.165,0.7208,0.1032,6.629,0.6173,121.01,38.65,Overgrown,Medium,—,—
COL_017,Low,7,3,2441.3,4680803,0.7623,7563.3,0.8415,782.2,1220.6,2159.1,121,120.17,23.13,0.1912,0.8786,0.1298,6.1005,0.7241,199.89,30.62,Overgrown,Low,47.8,20.2
COL_018,Low,5,5,425.9,142497,0.7377,1377.4,0.9067,128,213,367.3,148.43,149.63,32.41,0.2183,0.6091,0.1351,6.4262,0.7029,218.69,39.91,Immature,Medium,—,—
COL_018,Low,6,5,1094.8,941375,0.6821,3403.5,0.7605,312.6,547.4,956.4,148.04,150.01,17.22,0.1163,0.8457,0.1078,6.3778,0.672,180.44,29.66,Standard,Low,—,—
COL_018,Low,7,5,2019.8,3204244,0.7703,6478.6,0.7579,583.9,1009.9,1775.2,123.53,132.16,20.4,0.1652,0.8246,0.0916,6.2899,0.5744,134.23,35.87,Overgrown,Medium,34.8,29.4
COL_019,Low,4,4,413.8,134493,0.9449,1378.6,0.8917,130.3,206.9,364.6,121.39,117.29,21.99,0.1811,0.7137,0.1339,6.1319,0.7373,182.65,25.62,Immature,Low,—,—
COL_019,Low,5,4,937.5,690355,0.7645,2839.8,0.6893,279.3,468.8,792.3,146.16,149.32,17.9,0.1225,0.8477,0.1316,6.9416,0.6664,151.22,37.36,Standard,Medium,—,—
COL_019,Low,6,4,1801.4,2548570,0.9308,6095.9,0.7858,490,900.7,1541.3,106.78,108.39,21.41,0.2005,0.6224,0.1303,6.0136,0.648,144.9,13.17,Overgrown,Low,—,—
COL_019,Low,7,4,2737.6,5886085,0.9218,9314.8,0.788,780.1,1368.8,2378.3,116.02,117.53,25.06,0.216,0.742,0.1159,6.6908,0.6273,155.19,33.88,Overgrown,Low,51.0,22.3
COL_020,Low,3,3,225,39761,0.7202,621.2,0.8819,71.6,112.5,188.7,128.8,131.38,15.75,0.1223,0.8135,0.0949,5.9884,0.6976,139.3,25.05,Immature,Low,—,—
COL_020,Low,4,3,536.3,225905,0.6508,1783,0.7686,150,268.2,460.2,141.78,136.7,22.25,0.1569,0.8054,0.1235,6.3715,0.658,155.17,35.98,Immature,Medium,—,—
COL_020,Low,5,3,945.7,702448,0.5463,3035.9,0.8833,227.8,472.9,765.7,135.43,145.72,22.08,0.1631,0.7354,0.1475,5.9088,0.6412,156.02,30.81,Standard,Low,—,—
COL_020,Low,6,3,1485.8,1733794,0.7898,5046.9,0.8426,436.4,742.9,1245.6,109.24,113.66,21.69,0.1985,1.0054,0.126,6.1278,0.6349,167.21,31.64,Overgrown,Low,—,—
COL_020,Low,7,3,2175.7,3717680,0.6649,7149.2,0.7732,754.6,1087.8,1943.3,122.63,129.04,22.27,0.1816,0.7888,0.1031,6.5411,0.6414,210.9,37.27,Overgrown,Medium,34.2,20.0
COL_021,Low,2,2,225,39761,0.893,704,0.8517,61.5,112.5,195.1,125.75,130.68,26.75,0.2127,0.7964,0.1265,7.2358,0.6917,169.41,43.85,Immature,Medium,—,—
COL_021,Low,3,2,546.9,234895,0.7935,1831.3,0.7495,179.6,273.4,493.7,126.58,115.97,19.57,0.1546,0.7482,0.1,6.7188,0.6497,205.22,37.16,Immature,Medium,—,—
COL_021,Low,4,2,992.1,772980,0.7507,3055.6,0.7554,337.7,496,830.5,142.61,150.21,25.99,0.1823,0.7823,0.1195,6.0274,0.6258,189.73,26.71,Standard,Low,—,—
COL_021,Low,5,2,1596.2,2001094,0.7428,5065.1,0.8398,468.5,798.1,1394.2,122.3,126.66,16.62,0.1359,0.9051,0.1,6.2506,0.6393,195.42,29.34,Overgrown,Low,—,—
COL_021,Low,6,2,2245.3,3959315,0.8191,7277.5,0.8977,696.6,1122.6,1886.8,136.07,145.57,21.47,0.1578,0.8386,0.1176,5.8102,0.5496,205.42,22.97,Overgrown,Low,—,—
COL_021,Low,7,2,3013.6,7132659,0.8066,9557.6,0.8697,871.3,1506.8,2623.4,124.89,128.58,24.46,0.1959,0.8369,0.1093,5.8258,0.7285,191.02,27.72,Overgrown,Low,48.8,26.0
COL_022,Low,2,2,225,39761,0.6957,669.1,0.8865,77.1,112.5,190.3,125.97,126.32,26.65,0.2115,0.7691,0.1395,5.8291,0.7101,185.69,30.14,Immature,Low,—,—
COL_022,Low,3,2,537.3,226701,0.8342,1632.6,0.6919,168,268.6,486.2,126.35,131.11,28.45,0.2252,0.8812,0.1348,6.726,0.6845,131.94,37.24,Immature,Medium,—,—
COL_022,Low,4,2,1034,839758,0.9537,3219.9,0.8286,324.5,517,880.7,148.34,145.23,22.78,0.1536,0.6444,0.1078,5.903,0.6778,167.12,17.30,Standard,Low,—,—
COL_022,Low,5,2,1599.7,2009873,0.7734,4647.5,0.8732,483.2,799.9,1266.5,124.29,120.53,23.28,0.1873,0.6,0.1223,6.7362,0.6704,200.14,38.36,Overgrown,Medium,—,—
COL_022,Low,6,2,2328.1,4256988,0.7545,7022.9,0.8953,699.7,1164.1,2156,127.27,123.73,15.95,0.1253,0.6233,0.1253,5.4787,0.7105,132.56,17.44,Overgrown,Low,—,—
COL_022,Low,7,2,3168.1,7882907,0.7917,10755.2,0.8828,929.2,1584,2579.9,102.18,98.58,21.16,0.207,0.7395,0.1215,5.8051,0.6665,160.5,22.75,Overgrown,Low,47.1,20.8
COL_023,Low,4,4,388.5,118532,0.7987,1278.6,0.8401,110.6,194.2,335.8,114.28,114.82,21.87,0.1914,0.7397,0.0824,6.1168,0.6471,182.79,28.03,Immature,Low,—,—
COL_023,Low,5,4,924.6,671392,0.8813,2778.8,0.8879,287.2,462.3,762,149.3,143.34,25.68,0.172,0.6964,0.1478,6.6002,0.665,188.66,34.56,Standard,Low,—,—
COL_023,Low,6,4,1718.9,2320475,0.8449,5614.2,0.6976,571.7,859.4,1346.7,140.39,146.02,17.64,0.1256,0.6615,0.1157,6.0357,0.6615,203.39,26.40,Overgrown,Low,—,—
COL_023,Low,7,4,2770.2,6027188,0.735,8611.8,0.7022,775.3,1385.1,2461.6,147.39,141.22,19.63,0.1332,0.7724,0.1038,6.1894,0.7054,165.78,27.93,Overgrown,Low,46.8,24.2
COL_024,Low,2,2,225,39761,0.7593,763.4,0.8593,65.8,112.5,197.5,123.99,129.86,23.48,0.1894,0.7858,0.0886,6.1571,0.6124,144.18,31.44,Immature,Low,—,—
COL_024,Low,3,2,534,224003,0.9585,1731.3,0.8551,136.2,267,442.3,118.55,115.44,21.33,0.1799,0.5917,0.135,6.0112,0.6156,187.18,27.91,Immature,Low,—,—
COL_024,Low,4,2,898.6,634128,0.5776,2782.5,0.8971,313.6,449.3,719.6,133.96,131.63,21.58,0.1611,0.6298,0.1251,7.2577,0.7081,212.57,49.92,Standard,Medium,—,—
COL_024,Low,5,2,1444,1637664,0.7487,4597.5,0.796,455.6,722,1206.1,132.53,132.38,26.5,0.2,0.6082,0.1452,6.1794,0.6257,160.39,31.06,Overgrown,Low,—,—
COL_024,Low,6,2,2106.4,3484739,0.6091,7655.6,0.8939,643.7,1053.2,1785.8,131.43,134.03,24.58,0.187,0.7572,0.1161,6.4222,0.6709,174.15,41.98,Overgrown,Medium,—,—
COL_024,Low,7,2,2806.5,6186252,0.5448,9106.1,0.8336,840.6,1403.3,2341.9,141.49,146.23,18.91,0.1336,0.6723,0.0924,6.3628,0.6424,205.87,40.35,Overgrown,Medium,32.3,23.9
COL_025,Low,4,4,343.1,92475,0.8403,1142.1,0.8696,106,171.6,306.4,127.68,123.27,21.35,0.1672,0.696,0.1171,5.902,0.6325,170.76,17.50,Immature,Low,—,—
COL_025,Low,5,4,844.6,560234,0.7801,2544.9,0.8661,273.2,422.3,663.6,118.85,115,18.24,0.1535,0.7345,0.1147,6.5318,0.5598,199.06,30.98,Standard,Low,—,—
COL_025,Low,6,4,1520.4,1815510,0.8022,5101.4,0.7284,341.3,760.2,1303.5,149.61,155.8,22.84,0.1527,0.8146,0.1005,6.0033,0.7086,195.16,27.87,Overgrown,Low,—,—
COL_025,Low,7,4,2506.1,4932613,0.8114,7672.7,0.8182,641,1253,2060.5,123.09,120.47,22.61,0.1837,0.8397,0.12,5.871,0.6794,170.16,23.51,Overgrown,Low,51.0,21.8
COL_026,Low,2,2,225,39761,0.7419,737.8,0.8384,68.6,112.5,198.9,126.35,128.3,21.59,0.1708,0.7034,0.0712,6.3061,0.6719,222.68,34.11,Immature,Low,—,—
COL_026,Low,3,2,412.7,133745,0.8789,1302.2,0.8338,117.4,206.3,345.5,135.39,141.41,21.44,0.1584,0.75,0.132,6.0199,0.5934,111.11,23.17,Immature,Low,—,—
COL_026,Low,4,2,704.2,389490,0.7393,2196,0.7883,236.8,352.1,607.8,131.61,134.72,17.44,0.1326,0.7439,0.1334,6.6156,0.6157,133.39,37.84,Standard,Medium,—,—
COL_026,Low,5,2,1141.9,1024065,0.7078,3431.3,0.8988,308.6,570.9,1045.6,117.19,120.38,20.69,0.1765,0.7065,0.1167,6.4413,0.6825,149.93,35.89,Standard,Medium,—,—
COL_026,Low,6,2,1607.6,2029844,0.7617,4799.4,0.6406,474.6,803.8,1521.6,137.42,137.32,20.95,0.1524,0.7938,0.0964,6.209,0.7469,201.46,29.24,Overgrown,Low,—,—
COL_026,Low,7,2,2210.7,3838375,0.7816,7178.8,0.8614,643.6,1105.3,1828.4,129.22,136.97,17.04,0.1319,0.7632,0.121,5.613,0.6904,187.32,16.34,Overgrown,Low,53.3,20.9
COL_027,Low,2,2,225,39761,0.6485,700.6,0.9363,67.6,112.5,193.3,112.88,109.8,20.5,0.1816,0.8525,0.1312,6.0729,0.6133,187.4,33.05,Immature,Low,—,—
COL_027,Low,3,2,460.2,166317,0.9064,1372.3,0.7632,123.6,230.1,386.8,133.6,138.53,21.7,0.1624,0.7621,0.1033,6.0721,0.8054,131.77,20.16,Immature,Low,—,—
COL_027,Low,4,2,845.1,560951,0.7805,2629.8,0.795,249.7,422.6,764.8,101.46,109.12,16.3,0.1607,0.7157,0.1318,6.0933,0.5841,193.87,32.61,Standard,Low,—,—
COL_027,Low,5,2,1221.5,1171782,0.7952,3710.3,0.8498,367,610.7,1006.9,133.85,142.88,21.24,0.1587,0.6465,0.1009,6.4879,0.7083,224.52,32.44,Overgrown,Low,—,—
COL_027,Low,6,2,1790.4,2517540,0.7799,5273,0.8623,576.6,895.2,1489.4,122.36,123.69,20.25,0.1655,0.918,0.1151,6.1735,0.6585,160.57,30.10,Overgrown,Low,—,—
COL_027,Low,7,2,2428.6,4632467,0.7281,8133.8,0.9194,692.1,1214.3,1883,140.09,136.67,25.16,0.1796,0.8214,0.0958,5.412,0.7238,180.43,15.96,Overgrown,Low,42.8,32.6
COL_028,Low,4,4,383.6,115566,0.9094,1211.4,0.7571,102.3,191.8,323.2,139.06,138.42,28.04,0.2017,0.749,0.095,5.6195,0.7018,206.61,17.23,Immature,Low,—,—
COL_028,Low,5,4,946.9,704276,0.7959,3039.9,0.8483,313.3,473.5,764.3,136.16,142.13,14.89,0.1093,0.7097,0.1184,6.3279,0.7009,165.38,23.93,Standard,Low,—,—
COL_028,Low,6,4,1856.5,2706909,0.693,5515.7,0.8676,503.6,928.2,1627.5,133.55,124.92,19.29,0.1444,0.6715,0.1107,6.6776,0.7077,203.5,35.57,Overgrown,Medium,—,—
COL_028,Low,7,4,2859.5,6421884,0.8938,9764.4,0.8885,863.9,1429.7,2338.1,118.03,120.65,23.67,0.2006,0.802,0.0899,6.7606,0.7431,150.06,31.70,Overgrown,Low,57.7,29.6
COL_029,Low,3,3,379,112821,0.851,1171.6,0.9457,115.9,189.5,329.7,135.99,138.1,25.36,0.1865,0.7053,0.098,5.9531,0.7064,203.37,25.16,Immature,Low,—,—
COL_029,Low,4,3,982.1,757548,0.7796,3188.6,0.7436,285.1,491.1,862.1,138.19,136.72,21.71,0.1571,0.7214,0.1378,5.5929,0.7145,195.02,18.65,Standard,Low,—,—
COL_029,Low,5,3,1693.4,2252135,0.7272,5505.8,0.8495,528.8,846.7,1403.7,102.16,107.65,20.08,0.1966,0.8055,0.1122,5.8549,0.7436,198.51,24.51,Overgrown,Low,—,—
COL_029,Low,6,3,2567.6,5177985,0.877,8171.9,0.7942,779.5,1283.8,2000.1,132.9,127.76,16.59,0.1248,0.839,0.1074,5.5911,0.772,163.93,6.43,Overgrown,Low,—,—
COL_029,Low,7,3,3708.5,10801543,0.8789,11559.8,0.7816,1127.4,1854.2,3226.7,141.41,148.65,20.56,0.1454,0.7169,0.1252,5.6696,0.6222,151.29,19.44,Overgrown,Low,46.2,24.4
COL_030,Low,3,3,225,39761,0.7061,738.3,0.8925,57.1,112.5,182.9,110.04,106.79,21.67,0.1969,0.6763,0.0999,5.6201,0.6924,182.08,19.48,Immature,Low,—,—
COL_030,Low,4,3,544.2,232641,0.7363,1686.6,0.9371,181.5,272.1,434.3,137.96,142.01,17.41,0.1262,0.873,0.0975,6.5275,0.6249,210.53,34.72,Immature,Low,—,—
COL_030,Low,5,3,992.5,773709,0.8072,3179,0.7271,323.7,496.3,890.1,125.25,125.03,15.88,0.1268,0.7958,0.1188,6.4057,0.7475,169.98,27.81,Standard,Low,—,—
COL_030,Low,6,3,1496.3,1758387,0.7781,4659.7,0.8358,435.1,748.1,1264,137.91,135.73,15.57,0.1129,0.8605,0.0942,6.8998,0.7214,164.91,35.70,Overgrown,Medium,—,—
COL_030,Low,7,3,2201.3,3805939,0.7612,6644.7,0.7717,610,1100.7,1797.9,127.19,123.62,24.73,0.1944,0.7036,0.1248,6.7949,0.71,194.16,38.93,Overgrown,Medium,49.7,22.4
COL_031,Low,5,5,316.7,78796,0.783,1029.1,0.8053,103.5,158.4,299.2,118.57,111.66,23.22,0.1958,0.7315,0.1491,6.4886,0.5997,200.79,33.64,Immature,Low,—,—
COL_031,Low,6,5,862.4,584188,0.9394,2605.6,0.7815,277.3,431.2,719.7,127.46,127.58,14.32,0.1124,0.6948,0.1101,6.1945,0.7666,142.3,20.17,Standard,Low,—,—
COL_031,Low,7,5,1474.8,1708304,0.7576,4816.4,0.8438,463.5,737.4,1310.7,124.02,120.96,17.66,0.1424,0.9859,0.1449,5.8698,0.5989,140.33,25.62,Overgrown,Low,41.3,24.5
COL_032,Low,4,4,295.2,68421,0.6025,916.6,0.7604,89.8,147.6,286.1,132.41,130.84,25.69,0.194,0.7836,0.1321,6.3931,0.8034,146.07,37.00,Immature,Medium,—,—
COL_032,Low,5,4,720.8,408060,0.8244,2160.5,0.7908,210.9,360.4,640.8,139.02,132.79,22.22,0.1598,0.6493,0.1157,5.9162,0.6615,252.8,24.88,Standard,Low,—,—
COL_032,Low,6,4,1295.3,1317723,0.7348,4277.1,0.9662,337.2,647.6,1003.6,150.45,152.4,18.53,0.1231,0.5391,0.1201,6.4139,0.6997,207.73,27.89,Overgrown,Low,—,—
COL_032,Low,7,4,2096,3450262,0.706,6668.7,0.7573,607.4,1048,1698.1,135.81,140.11,21.06,0.1551,0.6341,0.114,6.2153,0.677,258.62,27.32,Overgrown,Low,47.9,27.0
COL_033,Low,2,2,228.2,40891,0.8098,730.8,0.8163,75.4,114.1,204,120.49,113.9,21.19,0.1758,0.7449,0.1447,5.88,0.6526,178.72,23.36,Immature,Low,—,—
COL_033,Low,3,2,553,240168,0.6002,1684.6,0.8348,182.5,276.5,459.2,105.48,108.58,19.46,0.1845,0.7001,0.1163,5.7241,0.6437,113.83,29.18,Immature,Low,—,—
COL_033,Low,4,2,1006.2,795235,0.8321,2981.4,0.8059,301.7,503.1,879.4,136.02,132.35,22.33,0.1642,0.8665,0.1341,6.3829,0.7273,182.51,32.99,Standard,Low,—,—
COL_033,Low,5,2,1536.4,1853849,0.7111,5165.3,0.8689,443.9,768.2,1276.4,131.56,133.87,22.79,0.1732,0.886,0.1414,6.3245,0.6914,208.24,29.55,Overgrown,Low,—,—
COL_033,Low,6,2,2197.7,3793284,0.9247,6828.9,0.7607,623.5,1098.8,1772.2,118.58,116.73,16.38,0.1381,0.8222,0.1018,6.2062,0.7712,195.32,22.35,Overgrown,Low,—,—
COL_033,Low,7,2,2920.2,6697444,0.8484,8673.1,0.8823,888.6,1460.1,2546.8,113.89,109.42,24.39,0.2141,0.7871,0.0927,5.8207,0.7309,143.02,22.44,Overgrown,Low,55.8,24.7
COL_034,Low,2,2,225,39761,0.623,719.2,0.7105,68,112.5,188.9,136.15,134.64,20.68,0.1519,0.7768,0.1263,6.4927,0.7082,133.93,38.61,Immature,Medium,—,—
COL_034,Low,3,2,575.3,259961,0.6987,1785.4,0.8172,170.7,287.7,496.7,145.18,150.59,16.75,0.1154,0.8563,0.1277,6.4488,0.7455,240.37,33.58,Immature,Low,—,—
COL_034,Low,4,2,1028.5,830727,0.8636,3254.4,0.8217,299.5,514.2,938.5,118.18,125.84,24,0.2031,0.7794,0.078,5.6403,0.7175,206.56,15.98,Standard,Low,—,—
COL_034,Low,5,2,1599.8,2010100,0.9363,4898.8,0.7459,539.2,799.9,1485.4,128.04,133.1,27.37,0.2137,0.7112,0.1446,5.903,0.7811,196.89,16.97,Overgrown,Low,—,—
COL_034,Low,6,2,2368.1,4404281,0.7375,7314.8,0.844,802.4,1184,2093.7,132.98,135.29,22.17,0.1667,0.5476,0.1141,6.4233,0.6945,145.47,34.11,Overgrown,Low,—,—
COL_034,Low,7,2,3081.4,7457600,0.9204,10442,0.7874,912.8,1540.7,2610.1,122.58,123.56,18.97,0.1547,0.7998,0.1326,5.7478,0.6317,206.86,15.40,Overgrown,Low,50.7,27.5
COL_035,Low,4,4,278.9,61108,0.7635,843.6,0.8076,72.9,139.5,231.6,124.58,123.3,21.03,0.1688,0.7884,0.1375,6.1753,0.641,143.9,26.09,Immature,Low,—,—
COL_035,Low,5,4,697.5,382117,0.7518,2106.9,0.7293,201.3,348.8,597.9,135.14,132.35,20.35,0.1506,0.7475,0.103,5.8293,0.7144,126.42,21.12,Standard,Low,—,—
COL_035,Low,6,4,1289.4,1305814,0.7947,4596.3,0.8445,354.5,644.7,1091.1,106.69,106.28,18.67,0.175,0.706,0.1177,6.5662,0.6419,232.17,31.97,Overgrown,Low,—,—
COL_035,Low,7,4,2074.4,3379573,0.8451,6673.9,0.8458,642.7,1037.2,1603.3,124.65,128.88,21.8,0.1749,0.7458,0.1541,5.6379,0.7548,178.14,19.10,Overgrown,Low,52.4,22.8
COL_036,Medium,5,5,283.1,62946,0.7515,974.1,0.9293,100.6,141.5,238.8,132.45,124.86,28.51,0.2152,0.7598,0.0951,5.7757,0.6382,160.88,27.37,Immature,Low,—,—
COL_036,Medium,6,5,708.1,393765,0.7301,2317.1,0.7382,216.3,354,636.4,123.04,119.45,21.68,0.1762,0.758,0.1064,6.7233,0.7013,152.93,40.80,Standard,Medium,—,—
COL_036,Medium,7,5,1314.4,1356832,0.7479,3956.1,0.7534,411.9,657.2,1181.8,121.85,124.14,14.25,0.117,0.74,0.0988,6.0262,0.6148,165.97,26.79,Overgrown,Low,32.3,20.0
COL_037,Medium,4,4,225,39761,0.737,688.3,0.9127,65.3,112.5,194.7,130.3,119.64,25.67,0.197,0.7832,0.1955,6.3204,0.5498,237.74,37.72,Immature,Medium,—,—
COL_037,Medium,5,4,390.4,119678,0.7719,1200.3,0.7756,120.3,195.2,308.1,137.91,135.83,18.08,0.1311,0.8431,0.1063,6.0629,0.6951,164.07,28.22,Immature,Low,—,—
COL_037,Medium,6,4,711.9,398015,0.9219,2216.8,0.8623,215.3,355.9,642,120.57,124.3,21.82,0.181,0.7498,0.122,6.2258,0.6653,192.44,30.94,Standard,Low,—,—
COL_037,Medium,7,4,1115.4,977103,0.842,3424.3,0.7533,361.3,557.7,987.2,147.17,144.15,21.68,0.1473,0.7111,0.1369,5.6042,0.643,205.21,18.90,Overgrown,Low,40.7,20.0
COL_038,Medium,3,3,225,39761,0.7635,649.2,0.8999,71.9,112.5,195.5,146.55,141.81,29.59,0.2019,0.7236,0.1397,6.5986,0.6098,161.26,40.60,Immature,Medium,—,—
COL_038,Medium,4,3,526.4,217592,0.6925,1754.7,0.7974,162.5,263.2,435.4,106.75,108.1,14.95,0.1401,0.633,0.1567,6.2068,0.7295,189.17,31.86,Standard,Low,—,—
COL_038,Medium,5,3,947.2,704594,0.819,3005.3,0.834,314.3,473.6,832.8,132.36,124.09,18.76,0.1417,0.75,0.0944,6.1938,0.8183,231.49,25.27,Standard,Low,—,—
COL_038,Medium,6,3,1511.9,1795357,0.757,4523.8,0.8209,463.3,756,1210,133.21,132.43,14.97,0.1124,0.7094,0.1548,5.9073,0.7057,145.94,23.10,Overgrown,Low,—,—
COL_038,Medium,7,3,2101.4,3468368,0.8591,6446.4,0.8089,700.1,1050.7,1678,112.73,109.82,26.75,0.2373,0.5159,0.108,5.6523,0.7041,222.01,19.00,Overgrown,Low,41.6,28.0
COL_039,Medium,4,4,275.2,59482,0.7362,866.1,0.6413,78,137.6,238.9,116.81,117.11,24.39,0.2088,0.7561,0.0977,6.0973,0.6625,204.31,32.28,Immature,Low,—,—
COL_039,Medium,5,4,670,352558,0.7934,2180.1,0.672,220.4,335,560.5,134.01,139.99,17.11,0.1277,0.7194,0.1013,5.9591,0.7777,160.3,19.53,Standard,Low,—,—
COL_039,Medium,6,4,1239.3,1206305,0.6778,3816.4,0.8377,361.5,619.7,1048.8,122.85,115.28,23.89,0.1944,0.744,0.1215,6.9534,0.7138,147.92,49.37,Overgrown,Medium,—,—
COL_039,Medium,7,4,1933.1,2934834,0.903,5850.3,0.9428,617.4,966.5,1685.9,132.31,131.07,27.4,0.2071,0.5851,0.0947,6.3161,0.6598,195.3,30.59,Overgrown,Low,49.1,20.0
COL_040,Medium,4,4,267.4,56153,0.8106,803.7,0.9051,87.2,133.7,233.5,127.05,129.95,19.77,0.1556,0.8745,0.1384,6.5765,0.6311,196.84,31.36,Immature,Low,—,—
COL_040,Medium,5,4,687.2,370855,0.8115,1956.9,0.7342,201.3,343.6,575.8,114.39,116.33,23.61,0.2064,0.682,0.138,6.1651,0.7729,171.49,25.27,Standard,Low,—,—
COL_040,Medium,6,4,1237,1201823,0.7454,3859.1,0.8673,312.1,618.5,1116.7,130.07,128.01,22.24,0.171,0.604,0.1469,6.2364,0.6748,199.29,34.49,Overgrown,Low,—,—
COL_040,Medium,7,4,1867.5,2739116,0.8104,5788.4,0.8748,460.9,933.7,1580,122.27,124.43,24.48,0.2002,0.6855,0.1148,5.9769,0.6172,211.26,26.95,Overgrown,Low,21.6,20.0
COL_041,Medium,2,2,225,39761,0.8863,717.9,0.773,70.1,112.5,187.1,119.66,113.89,15.59,0.1303,0.7551,0.1151,6.0612,0.6525,157.63,24.44,Immature,Low,—,—
COL_041,Medium,3,2,320.2,80540,0.8406,955.6,0.7628,84.3,160.1,265.8,140,142.58,26.51,0.1894,0.6542,0.1104,6.4346,0.6293,225.92,31.73,Immature,Low,—,—
COL_041,Medium,4,2,615.7,297751,0.8484,2111.3,0.7868,195.7,307.9,579.6,121.19,113.51,15.08,0.1244,0.5918,0.1096,6.5194,0.7011,191.56,29.83,Standard,Low,—,—
COL_041,Medium,5,2,945,701341,0.8778,2827.4,0.7681,265.2,472.5,834.6,139.7,141.96,27.33,0.1957,0.8759,0.1475,5.7716,0.7177,239.45,16.89,Standard,Low,—,—
COL_041,Medium,6,2,1334.4,1398482,0.7152,4343.3,0.742,425.6,667.2,1207.4,137.54,138.96,18.65,0.1356,0.8425,0.1326,5.9127,0.6699,173.46,19.33,Overgrown,Low,—,—
COL_041,Medium,7,2,1791,2519221,0.9254,5266.3,0.8288,582.4,895.5,1432.4,131.72,136.41,22.65,0.172,0.609,0.1382,7.4074,0.6606,209.16,44.78,Overgrown,Medium,40.5,20.0
COL_042,Medium,5,5,227.9,40804,0.8601,729.2,0.8259,63.4,114,187.3,143.14,150.32,21.65,0.1512,0.6701,0.1405,6.2613,0.7135,244.24,25.27,Immature,Low,—,—
COL_042,Medium,6,5,554.6,241535,0.7925,1798.5,0.8004,154.3,277.3,490.9,137.85,133.27,28.02,0.2033,0.7532,0.1186,6.7195,0.7055,160.15,39.98,Standard,Medium,—,—
COL_042,Medium,7,5,961.1,725511,0.8426,2783.7,0.9207,280.4,480.6,808.8,121.97,120.53,28.27,0.2318,0.8447,0.1238,5.2649,0.5986,153.74,24.10,Standard,Low,31.7,20.0
COL_043,Medium,2,2,225,39761,0.6979,745.8,0.8898,70.5,112.5,194.5,149.13,149.13,17.87,0.1198,0.9094,0.0967,6.3969,0.6557,198.49,34.20,Immature,Low,—,—
COL_043,Medium,3,2,519.5,211989,0.8682,1821.5,0.8292,144.1,259.8,409.4,131.4,136.92,24.5,0.1865,0.6954,0.0952,6.2248,0.7262,213.41,23.28,Standard,Low,—,—
COL_043,Medium,4,2,1005.2,793625,0.8229,3379,0.7216,267.2,502.6,848.5,134.63,143.62,25.42,0.1888,0.6604,0.1416,6.1372,0.617,234.85,30.01,Standard,Low,—,—
COL_043,Medium,5,2,1560.6,1912842,0.8298,4869.2,0.7791,454.9,780.3,1353.3,129.83,126.86,21.94,0.169,0.5722,0.1262,6.2743,0.6148,151.4,25.66,Overgrown,Low,—,—
COL_043,Medium,6,2,2093,3440518,0.6656,6342.2,0.9522,600.4,1046.5,1793.9,134.01,134.66,22.29,0.1663,0.8586,0.1531,5.7733,0.5713,155.28,28.26,Overgrown,Low,—,—
COL_043,Medium,7,2,2881.2,6519702,0.813,8721.9,0.9671,950.1,1440.6,2473.5,141.82,147.35,20.34,0.1434,0.7488,0.1342,5.9335,0.6793,138.69,20.69,Overgrown,Low,39.5,20.8
COL_044,Medium,2,2,225,39761,0.9617,692.6,0.8499,70.7,112.5,193,126.81,128.99,12.47,0.0983,0.7526,0.1126,6.49,0.8002,165.75,20.32,Immature,Low,—,—
COL_044,Medium,3,2,509.5,203868,0.7119,1556.6,0.8052,163.6,254.7,437.3,112.79,110.13,20.17,0.1788,0.7766,0.1254,6.1948,0.5696,217.92,34.67,Standard,Low,—,—
COL_044,Medium,4,2,900,636130,0.8125,2983,0.8482,300.3,450,783.8,127.43,138.79,26.16,0.2053,0.6404,0.0912,6.4638,0.6924,190.37,32.71,Standard,Low,—,—
COL_044,Medium,5,2,1362.9,1458945,0.9026,4430.7,0.7356,405.1,681.5,1114.6,124.25,122.18,20.69,0.1665,0.7323,0.1058,5.7408,0.4978,247.59,26.10,Overgrown,Low,—,—
COL_044,Medium,6,2,1933.1,2934885,0.7755,5717.2,0.9342,671.6,966.5,1655.2,141.48,142.36,17.25,0.1219,0.7531,0.1079,6.0867,0.6592,183.26,25.54,Overgrown,Low,—,—
COL_044,Medium,7,2,2635.2,5453893,0.6877,7981.8,0.7256,855,1317.6,2017.9,143.34,150.27,21.39,0.1492,0.7136,0.1157,5.2187,0.6104,170.54,22.98,Overgrown,Low,33.6,20.0
COL_045,Medium,2,2,225,39761,0.7372,724.9,0.951,72.1,112.5,190.8,125.8,124.02,27.32,0.2172,0.7461,0.118,5.9662,0.6473,144.83,32.63,Immature,Low,—,—
COL_045,Medium,3,2,302,71621,0.8185,923.4,0.901,84,151,277.4,107.33,109.5,24.5,0.2283,0.7765,0.1426,5.9075,0.5431,201.08,21.75,Immature,Low,—,—
COL_045,Medium,4,2,534.3,224228,0.9073,1629.8,0.7333,157.7,267.2,498.4,106.62,101.36,28.59,0.2681,0.7342,0.0922,6.9774,0.8006,233.83,39.96,Standard,Medium,—,—
COL_045,Medium,5,2,839.7,553807,0.7716,2616.9,0.8387,282.4,419.9,743.3,115.97,122.85,23.85,0.2057,0.8598,0.0948,6.5177,0.6714,170.06,30.96,Standard,Low,—,—
COL_045,Medium,6,2,1231.1,1190436,0.9749,3511.9,0.8132,389.1,615.6,1052.5,127.84,121.35,23.53,0.1841,0.5673,0.1409,5.9487,0.7298,187.55,19.79,Overgrown,Low,—,—
COL_045,Medium,7,2,1683.6,2226332,0.7904,5528.4,0.7947,560.3,841.8,1452.7,131.83,125.48,23.75,0.1801,0.6914,0.1007,5.9272,0.607,249.74,31.19,Overgrown,Low,44.3,20.0
COL_046,Medium,2,2,225,39761,0.7243,674.4,0.9023,65.3,112.5,200.9,135.25,146.77,16.68,0.1233,0.8342,0.0975,6.7208,0.7379,196.08,35.09,Immature,Medium,—,—
COL_046,Medium,3,2,433.6,147665,0.721,1501.8,0.8155,138.6,216.8,354.8,118.94,124.35,17.2,0.1446,0.7452,0.1192,6.0596,0.6654,197.87,29.81,Immature,Low,—,—
COL_046,Medium,4,2,818.2,525779,0.6981,2533.9,0.8991,263.8,409.1,650.5,132.82,122.93,22.79,0.1716,0.6667,0.1003,6.9934,0.7207,139.72,41.63,Standard,Medium,—,—
COL_046,Medium,5,2,1270.3,1267351,0.7248,3943.7,0.8676,394.5,635.1,1093.3,124.83,126.68,22.11,0.1771,0.7027,0.1133,6.426,0.6142,184.95,33.81,Overgrown,Low,—,—
COL_046,Medium,6,2,1760.7,2434776,0.7947,5590.2,0.8703,509.2,880.3,1525.3,135.81,138.03,19.3,0.1421,0.7716,0.1171,6.3112,0.5471,190.81,39.04,Overgrown,Medium,—,—
COL_046,Medium,7,2,2416.9,4587700,0.7143,7734.5,0.8374,797.1,1208.4,1932.7,138.28,141.23,22.03,0.1593,0.8249,0.1344,6.3955,0.6024,210.6,35.57,Overgrown,Medium,31.5,20.0
COL_047,Medium,5,5,323.9,82408,0.744,1026.7,0.9015,102.1,162,264.3,158.72,160.05,27.7,0.1745,0.7852,0.1338,6.1822,0.7467,217.72,35.01,Immature,Medium,—,—
COL_047,Medium,6,5,843.2,558414,0.7283,2693.1,0.8808,248.3,421.6,752.7,146.63,142.05,19.25,0.1313,0.7671,0.1065,6.1953,0.7534,198.72,28.49,Standard,Low,—,—
COL_047,Medium,7,5,1485.6,1733285,0.6672,4732.6,0.6662,483.3,742.8,1253.3,168.42,179.96,21.87,0.1299,0.8221,0.1511,6.2175,0.5727,132.41,34.20,Overgrown,Low,30.5,20.0
COL_048,Medium,2,2,225,39761,0.7137,635.5,0.8257,72,112.5,190.2,122.51,121.71,21.12,0.1724,0.6853,0.1274,5.6779,0.6967,191.04,20.71,Immature,Low,—,—
COL_048,Medium,3,2,526.4,217650,0.6043,1668.6,0.9155,138.5,263.2,435.1,132.25,138.51,20.81,0.1573,0.585,0.1191,5.9488,0.7987,194.32,27.97,Standard,Low,—,—
COL_048,Medium,4,2,964.8,731133,0.7761,2907.9,0.8731,294.9,482.4,820.8,116.9,123.41,25.26,0.2161,0.8226,0.107,6.0131,0.6279,163.21,24.73,Standard,Low,—,—
COL_048,Medium,5,2,1509,1788475,0.629,4449.6,0.6702,449.5,754.5,1273.6,124.98,119.77,17.91,0.1433,0.6985,0.1233,6.4286,0.6205,191.43,40.81,Overgrown,Medium,—,—
COL_048,Medium,6,2,2163.1,3675045,0.741,6883.1,0.7987,649.4,1081.6,1810.5,127.23,128.29,18.63,0.1464,0.6314,0.085,5.8451,0.5992,190.78,22.70,Overgrown,Low,—,—
COL_048,Medium,7,2,2919.3,6693311,0.7753,8268.5,0.8613,935,1459.6,2365.3,134.54,130.26,22.99,0.1709,0.5991,0.1093,5.7542,0.6636,174.07,19.71,Overgrown,Low,35.2,22.6
COL_049,Medium,4,4,237,44111,0.6829,762.7,0.8982,73.9,118.5,199.5,122.26,127.44,16.91,0.1383,0.7107,0.1418,5.8462,0.6976,156.96,24.09,Immature,Low,—,—
COL_049,Medium,5,4,561.7,247798,0.7187,1851,0.7195,191.1,280.8,496.1,141.99,139.68,22,0.1549,0.7005,0.1269,5.6696,0.7513,152.79,21.10,Standard,Low,—,—
COL_049,Medium,6,4,1030.9,834674,0.6623,3334.4,0.7648,304.2,515.4,857.6,119.73,119.69,21.74,0.1816,0.6842,0.1234,6.1027,0.7715,190.2,32.44,Standard,Low,—,—
COL_049,Medium,7,4,1568.4,1931932,0.7851,4656.9,0.7121,441.5,784.2,1407.9,140.9,142.12,16.47,0.1169,0.7666,0.1205,6.1815,0.5604,159.29,29.10,Overgrown,Low,34.5,20.0
COL_050,Medium,4,4,259.3,52823,0.8236,782.1,0.6819,75.3,129.7,230.8,145.32,148.87,24.32,0.1673,0.698,0.1144,6.3861,0.775,157.72,35.51,Immature,Medium,—,—
COL_050,Medium,5,4,630.8,312490,0.8815,1842.2,0.8565,177.6,315.4,500.4,131.52,136.57,19.22,0.1461,0.7352,0.1153,5.6433,0.7065,214.49,16.47,Standard,Low,—,—
COL_050,Medium,6,4,1204,1138517,0.7919,3716.9,0.7027,353.3,602,1007.2,140.72,143.04,17.88,0.1271,0.7962,0.1476,6.3203,0.7255,208.83,28.23,Overgrown,Low,—,—
COL_050,Medium,7,4,1812.6,2580387,0.8725,5314.9,0.791,508.8,906.3,1568.2,144.26,141.28,13.04,0.0904,0.8156,0.1278,6.0951,0.6967,177.6,16.42,Overgrown,Low,46.5,20.0
COL_051,Medium,5,5,301.9,71578,0.7681,937,0.8937,92,150.9,247.8,151.59,151.83,25.68,0.1694,0.7715,0.1232,5.9996,0.5602,246.46,36.46,Immature,Medium,—,—
COL_051,Medium,6,5,768.8,464255,0.6858,2457.3,0.8216,237.5,384.4,659.4,135.27,142.51,24.87,0.1839,0.8515,0.1498,5.8316,0.8614,152.3,25.03,Standard,Low,—,—
COL_051,Medium,7,5,1335.7,1401157,0.8168,4081.1,0.9501,374.8,667.8,1045.1,123.84,113.97,25.6,0.2067,0.7448,0.0754,5.434,0.6518,235.3,20.80,Overgrown,Low,34.1,22.6
COL_052,Medium,4,4,225,39761,0.5606,684.6,0.7813,71.1,112.5,191.5,111.73,106.81,23.39,0.2094,0.6962,0.1074,6.2027,0.7166,170.47,36.54,Immature,Medium,—,—
COL_052,Medium,5,4,514,207531,0.6616,1465.4,0.8704,145.5,257,430.4,119.53,118.23,28.99,0.2426,0.8115,0.0887,6.5637,0.6045,100.83,42.06,Standard,Medium,—,—
COL_052,Medium,6,4,894.4,628307,0.8154,2778.8,0.8139,252.9,447.2,767.6,138.39,130.31,23.8,0.172,0.7093,0.131,6.6244,0.8412,182.87,33.16,Standard,Low,—,—
COL_052,Medium,7,4,1343.4,1417327,0.787,4317.4,0.8291,368.8,671.7,1152.9,147.05,149.29,26.45,0.1799,0.8025,0.1226,6.1652,0.6139,195.56,29.67,Overgrown,Low,31.7,20.0
COL_053,Medium,4,4,282,62437,0.7206,817.7,0.8054,81.4,141,240.9,124.24,114.21,21.05,0.1694,0.7932,0.103,6.112,0.7756,128.65,31.93,Immature,Low,—,—
COL_053,Medium,5,4,690.8,374780,0.8443,2178.8,0.8953,200.5,345.4,556.8,145.95,145.38,23.49,0.1609,0.6599,0.1289,6.7368,0.6382,182.03,38.23,Standard,Medium,—,—
COL_053,Medium,6,4,1211.8,1153295,0.7117,4064.1,0.8775,361.6,605.9,1041.8,125.67,132.45,21.8,0.1735,0.8342,0.1015,6.3442,0.7658,140.09,36.65,Overgrown,Medium,—,—
COL_053,Medium,7,4,1948.2,2980855,0.7531,5542,0.7837,533.8,974.1,1608.6,127.85,132.64,23.43,0.1833,0.6549,0.0994,6.3831,0.7789,163.94,36.26,Overgrown,Medium,41.2,21.6
COL_054,Medium,5,5,335.7,88509,0.771,1072.4,0.8779,100.7,167.8,293.7,148.56,150.47,23.85,0.1605,0.532,0.1248,5.6353,0.6679,170.56,24.16,Immature,Low,—,—
COL_054,Medium,6,5,856.3,575854,0.8642,2701.6,0.7632,278.1,428.1,720.4,135.52,133.13,20,0.1476,0.7435,0.1266,6.2851,0.6562,130.91,27.15,Standard,Low,—,—
COL_054,Medium,7,5,1581.6,1964744,0.7487,4907.7,0.8845,446.3,790.8,1246.8,127.57,125.15,18.74,0.1469,0.7818,0.1168,6.1898,0.6894,240.4,27.69,Overgrown,Low,38.7,20.0
COL_055,Medium,2,2,225,39761,0.9679,681.6,0.7863,67.1,112.5,194.8,131.16,137.58,12.89,0.0983,0.7028,0.1389,5.2624,0.5835,95.77,10.27,Immature,Low,—,—
COL_055,Medium,3,2,400.5,125960,0.6913,1196.1,0.7476,121.2,200.2,330.4,134.23,119.96,19.17,0.1428,0.722,0.1062,5.7753,0.724,130.22,24.01,Immature,Low,—,—
COL_055,Medium,4,2,729,417419,0.9255,2235.1,0.8382,185.8,364.5,549.9,138.74,138.71,27.31,0.1969,0.7841,0.1544,5.6849,0.7,194.3,19.89,Standard,Low,—,—
COL_055,Medium,5,2,1086,926220,0.8839,3307.4,0.8508,283.4,543,871.8,146.12,144.38,28.41,0.1944,0.5951,0.1348,6.2116,0.6382,206.96,30.88,Overgrown,Low,—,—
COL_055,Medium,6,2,1562.9,1918494,0.7871,5449.2,0.85,466.6,781.5,1395.7,131.73,132.78,18.23,0.1384,0.8253,0.1003,6.345,0.7578,183.25,24.67,Overgrown,Low,—,—
COL_055,Medium,7,2,2210.2,3836756,0.7496,7207.3,0.7951,659.8,1105.1,1922.3,132.99,123.01,18.12,0.1362,0.7319,0.1065,6.6318,0.5895,153.61,30.54,Overgrown,Low,31.4,20.0
COL_056,Medium,4,4,228.6,41032,0.656,759.7,0.8836,64.1,114.3,196.1,123.11,124.04,28.64,0.2326,0.7832,0.1084,6.4765,0.5858,179.75,47.56,Immature,Medium,—,—
COL_056,Medium,5,4,510.2,204474,0.6911,1613.1,0.7466,143,255.1,425.1,112.51,107.64,25.41,0.2259,0.6147,0.1044,5.7199,0.7175,180.09,24.94,Standard,Low,—,—
COL_056,Medium,6,4,967.4,734998,0.6343,3114.3,0.8423,280.3,483.7,861.2,115.67,121.31,23.22,0.2007,0.7409,0.1149,6.1168,0.7455,153.7,29.61,Standard,Low,—,—
COL_056,Medium,7,4,1541,1865057,0.7249,5059.2,0.9345,446.8,770.5,1351.8,115.66,119.43,23.4,0.2023,0.6909,0.0838,6.4492,0.7012,124.1,34.11,Overgrown,Low,41.4,20.0
COL_057,Medium,5,5,304.2,72700,0.7717,880.2,0.7497,87,152.1,233.8,129.47,128.22,15.91,0.1229,0.7998,0.1215,6.4045,0.6541,203.74,33.36,Immature,Low,—,—
COL_057,Medium,6,5,772.4,468560,0.708,2460.1,0.8992,220.2,386.2,721.3,122.89,123.05,19.91,0.162,0.6031,0.1061,6.3407,0.6068,190.06,38.14,Standard,Medium,—,—
COL_057,Medium,7,5,1406.4,1553525,0.5828,4869.5,0.8362,394.6,703.2,1204.3,131.61,128.28,23.39,0.1777,0.7102,0.1033,6.017,0.585,190.38,37.80,Overgrown,Medium,27.2,21.1
COL_058,Medium,2,2,225,39761,0.7079,672.8,0.8911,72.8,112.5,195.6,140.86,136.47,23.99,0.1703,0.8103,0.1147,6.1671,0.6543,202.23,36.34,Immature,Medium,—,—
COL_058,Medium,3,2,499.7,196090,0.7736,1486.7,0.6406,152.4,249.8,436.9,131.44,121.7,21.2,0.1613,0.8521,0.0953,5.3384,0.7515,214.38,12.48,Standard,Low,—,—
COL_058,Medium,4,2,896.5,631183,0.805,2697.4,0.8227,258.1,448.2,698.1,101.83,102.97,20.35,0.1999,0.7982,0.1405,6.013,0.6585,175.78,27.46,Standard,Low,—,—
COL_058,Medium,5,2,1398.4,1535943,0.7934,4514.5,0.8631,351.8,699.2,1146.1,118.36,118.86,24.52,0.2072,0.7029,0.107,6.8415,0.7426,194.9,42.22,Overgrown,Medium,—,—
COL_058,Medium,6,2,2072.1,3372052,0.6814,6075.7,0.7069,655.9,1036,1859.8,151.39,155.61,27.25,0.18,0.65,0.134,6.0194,0.6973,189.22,32.80,Overgrown,Low,—,—
COL_058,Medium,7,2,2802.8,6169967,0.8752,9375.5,0.8536,900.1,1401.4,2440,123.97,127.75,17.02,0.1373,0.6469,0.1227,6.6816,0.6203,202.6,32.17,Overgrown,Low,31.2,20.0
COL_059,Medium,5,5,313.6,77236,0.6989,956.1,0.7834,100.8,156.8,287.6,119.24,124.62,13.92,0.1168,0.6658,0.0899,5.7652,0.5786,198.39,24.17,Immature,Low,—,—
COL_059,Medium,6,5,787.1,486541,0.8292,2505.5,0.8615,234.8,393.5,631.6,141.89,138.95,18.86,0.1329,0.6695,0.1087,6.1803,0.6929,196.45,23.74,Standard,Low,—,—
COL_059,Medium,7,5,1391.2,1520125,0.8584,4479.1,0.9608,458.4,695.6,1246.2,112.85,116.66,22.39,0.1984,0.7559,0.1359,6.0396,0.701,159.65,26.94,Overgrown,Low,40.3,22.1
COL_060,Medium,4,4,236.2,43830,0.9326,674.6,0.7737,73.1,118.1,206.3,127.39,127.11,24.24,0.1903,0.854,0.1338,6.1419,0.7272,157.02,24.65,Immature,Low,—,—
COL_060,Medium,5,4,613.3,295446,0.6951,1961.5,0.7779,194,306.7,495.1,149.53,145.05,23.48,0.157,0.6968,0.134,6.5596,0.5998,229.56,40.83,Standard,Medium,—,—
COL_060,Medium,6,4,1103,955547,0.7501,3605.4,0.7746,310.2,551.5,927.8,115.08,124.18,20.33,0.1767,0.7593,0.0973,6.5841,0.6719,209.52,35.26,Overgrown,Medium,—,—
COL_060,Medium,7,4,1790.6,2518247,0.8542,5883.9,0.7833,488.8,895.3,1478.1,131.85,134.58,13.91,0.1055,0.7551,0.1114,6.2568,0.7485,198.65,26.30,Overgrown,Low,45.1,25.2
COL_061,Medium,5,5,271.8,58012,0.7479,874.7,0.8635,75.8,135.9,231.7,104.66,111.87,20.55,0.1964,0.7177,0.1399,6.2652,0.5033,185.5,35.72,Immature,Medium,—,—
COL_061,Medium,6,5,681.8,365040,0.9121,2046.8,0.8695,210.6,340.9,613.9,121.19,117.53,26.98,0.2227,0.6189,0.1062,6.4216,0.6955,211.13,29.53,Standard,Low,—,—
COL_061,Medium,7,5,1161,1058661,0.8144,3424.9,0.6743,266.1,580.5,1024.7,131.04,129.92,28.16,0.2149,0.8718,0.0891,6.5149,0.6689,137.5,36.16,Overgrown,Medium,38.1,20.3
COL_062,Medium,4,4,320.3,80599,0.7518,959,0.8327,89.7,160.2,291.3,125.2,122.37,20.71,0.1655,0.7299,0.1042,6.5217,0.7748,160.31,33.17,Immature,Low,—,—
COL_062,Medium,5,4,761.5,455436,0.645,2449.8,0.7416,244.1,380.7,618,137.21,142.74,26.05,0.1898,0.724,0.1055,6.3434,0.7618,165.02,33.17,Standard,Low,—,—
COL_062,Medium,6,4,1373.4,1481482,0.7103,4109.8,0.7144,395.4,686.7,1162.9,132.12,136.87,24.71,0.187,0.7266,0.1272,6.1751,0.7486,189.79,29.75,Overgrown,Low,—,—
COL_062,Medium,7,4,2066,3352363,0.6569,6706.8,0.856,649.6,1033,1745.5,146.38,143.96,26.42,0.1805,0.6938,0.1289,6.2445,0.6956,196.71,35.93,Overgrown,Medium,32.8,29.5
COL_063,Medium,4,4,329.6,85324,0.7859,1087.6,0.8518,99.1,164.8,276.2,127.63,111.78,23.44,0.1837,0.8699,0.1174,6.0389,0.6035,184.5,27.30,Immature,Low,—,—
COL_063,Medium,5,4,819.7,527747,0.7988,2698.6,0.7601,246.6,409.9,652,137.32,139.91,24.58,0.179,0.7757,0.1491,6.2435,0.6565,190.16,28.81,Standard,Low,—,—
COL_063,Medium,6,4,1431.4,1609222,0.7818,4745.1,0.7976,421,715.7,1193.4,122.78,124.26,16.61,0.1353,0.6893,0.1314,6.7638,0.5961,206.07,39.62,Overgrown,Medium,—,—
COL_063,Medium,7,4,2301,4158384,0.6929,7319,0.7327,675.8,1150.5,2050.6,139.06,139.14,18.7,0.1345,0.7441,0.0706,6.5182,0.718,185.27,37.89,Overgrown,Medium,30.5,20.0
COL_064,Medium,5,5,225.5,39929,0.9959,697.5,0.8667,64,112.7,172.8,126.86,125.53,21,0.1655,0.7636,0.114,6.197,0.5977,200.59,19.59,Immature,Low,—,—
COL_064,Medium,6,5,553.7,240779,0.8331,1783.6,0.8115,146.8,276.8,455,126.05,118.07,19.64,0.1558,0.8567,0.1086,6.5124,0.7177,128.58,33.05,Standard,Low,—,—
COL_064,Medium,7,5,1044.9,857502,0.7971,3242,0.9079,290.6,522.4,914.4,126.15,125.35,21.86,0.1733,0.7414,0.1157,5.9217,0.6855,188.54,27.30,Standard,Low,44.1,20.0
COL_065,Medium,5,5,388.8,118754,0.8225,1259.5,0.6817,117.6,194.4,323.2,119.79,126.55,19.99,0.1668,0.7486,0.1307,5.9203,0.6651,220.99,25.89,Immature,Low,—,—
COL_065,Medium,6,5,958.7,721866,0.7316,2927.2,0.8491,224.7,479.4,912.6,135.57,136.32,27.33,0.2016,0.8122,0.136,7.1889,0.6801,181.75,47.62,Standard,Medium,—,—
COL_065,Medium,7,5,1815.5,2588675,0.7175,5318.4,0.8102,468.2,907.7,1557,129.06,129.8,20.51,0.1589,0.8513,0.0921,7.4907,0.685,167.76,47.12,Overgrown,Medium,28.8,20.0
COL_066,Medium,3,3,225,39761,0.858,755.4,0.7558,70.2,112.5,196.9,122.61,118.75,29.04,0.2368,0.7934,0.1006,6.3167,0.603,168.92,34.88,Immature,Low,—,—
COL_066,Medium,4,3,442.2,153571,0.7762,1271.9,0.7371,140.1,221.1,386.5,123.9,118.81,18.49,0.1492,0.7941,0.1356,6.085,0.6451,151.4,28.41,Immature,Low,—,—
COL_066,Medium,5,3,809.1,514162,0.734,2710.3,0.8734,245.9,404.6,646.6,131.44,136.75,21.1,0.1605,0.8459,0.1503,6.7833,0.6919,203.62,43.42,Standard,Medium,—,—
COL_066,Medium,6,3,1300.9,1329153,0.7339,3995.2,0.8322,348.3,650.4,1098.3,142.36,131.4,28.74,0.2019,0.7057,0.1279,6.7004,0.6725,222.9,44.89,Overgrown,Medium,—,—
COL_066,Medium,7,3,1799.1,2542041,0.8195,5593.8,0.8213,507,899.5,1655,141.98,138.28,17.26,0.1216,0.7773,0.1218,6.1057,0.7462,209.7,25.49,Overgrown,Low,45.8,20.0
COL_067,Medium,4,4,263.3,54434,0.7515,784.5,0.8069,81,131.6,216.9,125.77,121.07,27.08,0.2153,0.8587,0.1476,6.1165,0.67,155.75,26.53,Immature,Low,—,—
COL_067,Medium,5,4,622.7,304566,0.6656,2091.2,0.8236,192.9,311.4,474,114.52,118.96,23.75,0.2074,0.7877,0.1497,6.184,0.6603,188.08,35.24,Standard,Medium,—,—
COL_067,Medium,6,4,1246.1,1219474,0.6061,4048.4,0.8075,391.5,623,1026.4,128.61,132.17,35.05,0.2725,0.6747,0.1085,6.5746,0.6451,132.13,47.05,Overgrown,Medium,—,—
COL_067,Medium,7,4,1865.9,2734460,0.6706,6169.2,0.8496,525.5,933,1575.5,148.68,152.35,22.64,0.1522,0.7486,0.1068,6.1649,0.5447,247.27,36.42,Overgrown,Medium,28.4,20.0
COL_068,Medium,2,2,225,39761,0.6812,670.4,0.7847,74.7,112.5,191.4,113.17,119.44,25.52,0.2255,0.7998,0.1649,6.4325,0.8085,165.4,40.27,Immature,Medium,—,—
COL_068,Medium,3,2,380.1,113452,0.8184,1093,0.8036,106.3,190,335.6,141.15,130.78,22.51,0.1595,0.7276,0.1316,6.6745,0.6972,196.25,35.08,Immature,Medium,—,—
COL_068,Medium,4,2,659.6,341748,0.6873,2145.8,0.8169,195.6,329.8,549.5,124.94,130.17,21.26,0.1702,0.802,0.1129,5.6979,0.6767,234.23,24.70,Standard,Low,—,—
COL_068,Medium,5,2,1067.6,895115,0.6812,3317,0.8582,278.8,533.8,916,130.11,130.32,26.75,0.2056,0.8607,0.0971,6.3766,0.6817,188.53,34.24,Standard,Low,—,—
COL_068,Medium,6,2,1546.3,1878006,0.96,4853.8,0.8509,467.2,773.2,1270.2,107.35,103.82,17.03,0.1587,0.7333,0.1101,6.9331,0.7256,152.35,28.87,Overgrown,Low,—,—
COL_068,Medium,7,2,2058.3,3327346,0.8548,6628.5,0.8329,621.5,1029.1,1782.5,131.92,126.77,22.78,0.1727,0.749,0.1074,5.8305,0.8234,184.8,13.71,Overgrown,Low,50.2,28.3
COL_069,High,5,5,225,39761,0.6591,691.4,0.7915,67.1,112.5,197.5,121.9,120.53,23.34,0.1915,0.7403,0.1217,6.3598,0.7156,205.78,39.97,Immature,Medium,—,—
COL_069,High,6,5,382.7,115015,0.77,1231,0.8605,108.2,191.3,315.2,123.91,126.59,27.54,0.2222,0.8051,0.1155,6.157,0.6545,187.66,37.40,Standard,Medium,—,—
COL_069,High,7,5,731.7,420540,0.9446,2200.9,0.8458,209.8,365.9,596.5,131.37,132.06,35.07,0.267,0.6421,0.1185,6.2663,0.5345,191.24,37.68,Standard,Medium,31.9,20.0
COL_070,High,4,4,225,39761,0.7978,661.8,0.7805,61.9,112.5,196.2,151.02,144.51,15.99,0.1059,0.7338,0.1174,6.23,0.6412,187.98,31.78,Immature,Low,—,—
COL_070,High,5,4,417.5,136894,0.6131,1287.4,0.8245,115.7,208.7,383.8,122.48,122.27,25.62,0.2092,0.5848,0.1044,6.0635,0.7268,183.89,33.16,Standard,Low,—,—
COL_070,High,6,4,749.3,440948,0.7395,2293.9,0.82,239.2,374.6,708.3,140.73,146.53,21.38,0.1519,0.7375,0.1151,5.9097,0.5973,188.74,31.21,Standard,Low,—,—
COL_070,High,7,4,1152.4,1043001,0.8028,3673,0.774,330.9,576.2,924.3,152.92,152.98,22.5,0.1471,0.9674,0.0915,5.9685,0.6333,206.48,29.76,Overgrown,Low,32.9,22.2
COL_071,High,4,4,227.8,40765,0.9385,665.7,0.8937,69.4,113.9,201.3,128.18,123.96,26.4,0.206,0.8103,0.1127,6.5418,0.632,147.24,39.03,Immature,Medium,—,—
COL_071,High,5,4,574.4,259115,0.6922,1755.9,0.7768,151,287.2,469.4,116.49,114.43,20.45,0.1755,0.8943,0.1381,5.6492,0.6183,202.17,28.49,Standard,Low,—,—
COL_071,High,6,4,1056,875784,0.7005,3498.6,0.7711,281.5,528,928.2,146.29,159.23,18.6,0.1272,0.6997,0.1287,6.5996,0.5738,156.12,38.41,Overgrown,Medium,—,—
COL_071,High,7,4,1604.5,2021824,0.7112,5206.6,0.8814,505.4,802.2,1467.7,136.49,130.41,28.85,0.2114,0.8053,0.1445,6.0979,0.6864,149.12,31.74,Overgrown,Low,33.6,20.0
COL_072,High,4,4,237.3,44230,0.7563,733.9,0.8696,74.5,118.7,199.3,142.39,141.74,19.99,0.1404,0.6542,0.1076,5.9764,0.742,169.85,28.17,Immature,Low,—,—
COL_072,High,5,4,580.1,264327,0.7487,1684.9,0.7941,171.2,290.1,505.6,132.78,126.79,27.74,0.2089,0.7484,0.1128,6.3841,0.6339,200.53,41.25,Standard,Medium,—,—
COL_072,High,6,4,1024.4,824242,0.7229,3177.3,0.8274,337.9,512.2,839.1,124.82,122.26,20.19,0.1618,0.7942,0.0919,6.1811,0.6877,142.94,30.05,Overgrown,Low,—,—
COL_072,High,7,4,1658.8,2161144,0.8965,5139.7,0.6554,414.7,829.4,1412.2,138.87,140.74,24.07,0.1733,0.6893,0.1309,6.8049,0.5611,166.85,34.87,Overgrown,Low,26.4,20.0
COL_073,High,2,2,225,39761,0.6602,755,0.7882,64.8,112.5,205.6,113.09,107.47,19.02,0.1681,0.767,0.1278,6.2129,0.8283,126.52,33.21,Immature,Low,—,—
COL_073,High,3,2,339.2,90382,0.7296,1032.7,0.7459,116.1,169.6,299.8,128.98,135.73,17.35,0.1345,0.5583,0.099,5.7277,0.6807,197.09,24.63,Standard,Low,—,—
COL_073,High,4,2,602.4,284973,0.8373,1915,0.8608,152.2,301.2,519.5,115.15,113.16,25.54,0.2218,0.6644,0.1131,6.3164,0.5761,228.51,35.18,Standard,Medium,—,—
COL_073,High,5,2,996.5,779873,0.7274,3048.6,0.756,320.8,498.2,818.7,137.84,135.92,15.5,0.1124,0.6382,0.1137,6.0719,0.5936,221.78,28.99,Overgrown,Low,—,—
COL_073,High,6,2,1390.2,1517991,0.8185,4578.1,0.8081,390.3,695.1,1083.1,122.57,119.48,23.83,0.1944,0.7875,0.1007,6.1819,0.6586,229.52,31.05,Overgrown,Low,—,—
COL_073,High,7,2,1884.9,2790342,0.7143,5734,0.75,540,942.4,1659.1,128.84,122.09,30.47,0.2365,0.6199,0.1042,6.468,0.6657,245.14,36.56,Overgrown,Medium,31.2,20.0
COL_074,High,2,2,225,39761,0.7771,730.2,0.8858,63.3,112.5,173.5,127.75,129.21,24.4,0.191,0.7425,0.1433,6.1093,0.6969,182.8,30.80,Immature,Low,—,—
COL_074,High,3,2,245.9,47476,0.9074,765.3,0.8081,70.8,122.9,219.8,152.22,154.47,23.73,0.1559,0.5418,0.1279,6.2747,0.679,206.85,28.15,Immature,Low,—,—
COL_074,High,4,2,442.8,153969,0.7401,1462,0.783,155.9,221.4,384,114.09,113.45,20.79,0.1823,0.8605,0.1271,5.4022,0.7,198.96,15.38,Standard,Low,—,—
COL_074,High,5,2,690.7,374640,0.8368,2055.7,0.6323,203.3,345.3,583.1,131.73,135.37,25.95,0.197,0.8281,0.0826,6.4035,0.6953,212.8,29.92,Standard,Low,—,—
COL_074,High,6,2,972,742007,0.7063,2952.6,0.8622,276.7,486,792.9,123.46,129.05,23.45,0.19,0.7237,0.1388,6.2483,0.617,233.47,35.87,Overgrown,Medium,—,—
COL_074,High,7,2,1348.3,1427719,0.9626,4012.1,0.7847,362.9,674.1,1197.4,151.77,160.12,28.3,0.1864,0.7033,0.0796,6.261,0.7812,208.07,23.88,Overgrown,Low,48.2,20.0
COL_075,High,4,4,225,39761,0.6569,709.5,0.8829,67.3,112.5,198.2,116.85,116.72,20.9,0.1789,0.735,0.1268,6.5788,0.7333,214.75,41.11,Immature,Medium,—,—
COL_075,High,5,4,538.3,227613,0.7693,1646.2,0.7854,156.5,269.2,436.5,106.61,103.27,24.17,0.2267,0.7338,0.151,5.7607,0.7264,243.31,26.93,Standard,Low,—,—
COL_075,High,6,4,1031.8,836104,0.7081,3137,0.6178,340.1,515.9,940.6,124.16,122.89,20.38,0.1642,0.8225,0.0781,6.4731,0.6866,185.7,37.02,Overgrown,Medium,—,—
COL_075,High,7,4,1581,1963047,0.7474,4941,0.7945,512.6,790.5,1370.3,134.15,127.79,21.89,0.1631,0.7355,0.1262,6.6995,0.765,225.16,37.27,Overgrown,Medium,29.0,20.0
COL_076,High,2,2,225,39761,0.7544,644,0.7437,70.2,112.5,206.7,126.83,128.47,27.21,0.2145,0.7618,0.0982,5.9156,0.7259,198.54,31.66,Immature,Low,—,—
COL_076,High,3,2,359.9,101723,0.8331,1248.5,0.7389,104.9,179.9,309.2,138.14,135.34,12.07,0.0874,0.7933,0.0781,6.8037,0.6345,241.05,40.08,Standard,Medium,—,—
COL_076,High,4,2,681.6,364837,0.7589,2150.1,0.8003,223.7,340.8,555.4,119.73,124.78,23.22,0.194,0.6788,0.1119,6.8314,0.6127,194.22,39.36,Standard,Medium,—,—
COL_076,High,5,2,1029.5,832455,0.6546,3346.6,0.8597,264.3,514.8,930,160.07,160.3,20.84,0.1302,0.627,0.1134,7.4297,0.6758,234.35,53.51,Overgrown,Medium,—,—
COL_076,High,6,2,1476.2,1711521,0.6899,4558.4,0.739,444.6,738.1,1221.5,112.87,119.15,21.41,0.1897,0.719,0.1144,5.8127,0.5572,203.95,26.53,Overgrown,Low,—,—
COL_076,High,7,2,2070.8,3367900,0.8044,6375.5,0.7573,615.8,1035.4,1810.9,131.19,130.11,23.63,0.1801,0.705,0.0713,6.0985,0.7174,202.96,24.61,Overgrown,Low,41.4,20.0
COL_077,High,2,2,225,39761,0.8118,720.8,0.7797,70,112.5,188.9,134.67,125.15,21.66,0.1609,0.6711,0.1009,6.9289,0.6471,157.56,36.81,Immature,Medium,—,—
COL_077,High,3,2,245.4,47311,0.7874,769,0.7994,73.9,122.7,218.7,126.41,123.54,22.28,0.1762,0.8455,0.1004,6.4917,0.6769,204.15,33.49,Immature,Low,—,—
COL_077,High,4,2,447.2,157072,0.6557,1280.7,0.8352,129.9,223.6,383.7,129.19,124.3,23.22,0.1797,0.8438,0.0859,5.7868,0.6563,162.73,31.84,Standard,Low,—,—
COL_077,High,5,2,692.9,377086,0.728,2269.7,0.8116,216.8,346.5,561.8,113.24,113.78,22.12,0.1954,0.7261,0.1171,6.5506,0.5676,250.65,39.90,Standard,Medium,—,—
COL_077,High,6,2,1012,804395,0.6991,3228.3,0.7183,315,506,845.8,131.15,134.64,18.47,0.1408,0.7691,0.155,6.0462,0.6537,211.73,28.69,Overgrown,Low,—,—
COL_077,High,7,2,1394.2,1526634,0.6227,4400.7,0.6957,330.9,697.1,1201.7,133.17,131.75,22.98,0.1725,0.7118,0.1232,7.5793,0.62,202.86,55.98,Overgrown,Medium,20.0,20.0
COL_078,High,5,5,225,39761,0.9857,698.7,0.8867,75.6,112.5,193.2,120,107.82,26.14,0.2178,0.7466,0.088,5.9741,0.6491,195.01,26.89,Immature,Low,—,—
COL_078,High,6,5,328.9,84936,0.8618,1002.3,0.6923,97.8,164.4,280,132.73,139.54,22.45,0.1692,0.6442,0.1294,6.2722,0.6731,181.4,25.42,Standard,Low,—,—
COL_078,High,7,5,636.7,318356,0.6643,1941,0.8346,172,318.3,503.1,106.01,109.62,21.22,0.2002,0.653,0.0946,7.5109,0.6251,201.29,54.11,Standard,Medium,26.0,20.0
COL_079,High,4,4,225,39761,0.7489,684.5,0.8965,74.4,112.5,188.2,107.87,105.04,21,0.1947,0.6767,0.0999,6.0171,0.6448,174.93,31.99,Immature,Low,—,—
COL_079,High,5,4,257.7,52159,0.6966,861,0.7409,66.9,128.9,223,120.29,121.9,13.79,0.1146,0.7863,0.083,6.857,0.5763,244.17,40.73,Immature,Medium,—,—
COL_079,High,6,4,451.9,160364,0.5847,1394.7,0.7936,143.6,225.9,358.8,112.56,114.81,27.43,0.2437,0.819,0.1138,5.6915,0.7275,191.89,23.59,Standard,Low,—,—
COL_079,High,7,4,717.7,404576,0.8473,2154,0.7823,212.2,358.9,526.8,151.56,147.05,25.42,0.1677,0.8331,0.1211,6.3053,0.6449,167.19,35.24,Standard,Medium,20.8,20.0
COL_080,High,5,5,225,39761,0.7761,644.9,0.7492,71.3,112.5,192.7,144.27,146.29,19.53,0.1354,0.7407,0.0667,5.9816,0.7654,207.25,29.95,Immature,Low,—,—
COL_080,High,6,5,461.1,166950,0.8656,1610,0.717,147.2,230.5,391.9,112.27,114.73,26.73,0.2381,0.8258,0.0797,6.0795,0.5723,198.1,32.86,Standard,Low,—,—
COL_080,High,7,5,859.3,579979,0.8273,2771.3,0.8696,255.2,429.7,751.1,126.15,136.42,20.15,0.1597,0.7353,0.0855,7.1821,0.7411,197.78,44.81,Standard,Medium,40.0,20.0
COL_081,High,5,5,231.9,42253,0.5972,745,0.7648,79.2,116,202.9,132.98,135.41,19.41,0.1459,0.8918,0.1209,6.9493,0.7604,176.93,43.82,Immature,Medium,—,—
COL_081,High,6,5,570.4,255509,0.8008,1756.6,0.8471,175.5,285.2,462,137.03,141.34,24.09,0.1758,0.6351,0.1224,6.7811,0.5918,160.58,41.55,Standard,Medium,—,—
COL_081,High,7,5,1006.8,796091,0.7187,3129,0.8681,294,503.4,791.9,145.18,141,23.17,0.1596,0.7485,0.1349,6.5186,0.6877,168.16,44.94,Overgrown,Medium,28.3,20.0
COL_082,High,5,5,361.8,102816,0.7475,1118.6,0.8177,118.2,180.9,285.7,106.51,103.58,16.86,0.1583,0.7727,0.0952,6.1301,0.5794,196.08,35.26,Standard,Medium,—,—
COL_082,High,6,5,792.6,493456,0.8316,2591.9,0.8763,261.9,396.3,743.6,126.53,127.07,21.73,0.1718,0.8551,0.0861,6.3208,0.6103,235.32,37.03,Standard,Medium,—,—
COL_082,High,7,5,1495.6,1756834,0.8309,4778.8,0.9145,451.5,747.8,1332.6,163.2,166.19,23.6,0.1446,0.7033,0.1608,6.629,0.6698,185.81,34.86,Overgrown,Low,36.2,20.0
COL_083,High,3,3,225,39761,0.6558,713.4,0.8412,77.1,112.5,184.3,113.36,108.88,18.05,0.1593,0.8564,0.1194,6.7947,0.7443,198.02,41.58,Immature,Medium,—,—
COL_083,High,4,3,348,95141,0.7482,1008.8,0.828,104.1,174,306.2,130.52,129.71,19.92,0.1526,0.7916,0.0901,6.3089,0.6732,200.99,31.66,Standard,Low,—,—
COL_083,High,5,3,626.7,308435,0.7879,1857.2,0.834,174,313.3,559.3,158.15,153.85,25.54,0.1615,0.8158,0.0877,6.0093,0.6938,167.81,29.10,Standard,Low,—,—
COL_083,High,6,3,971.1,740696,0.8318,2923.2,0.8481,283,485.6,821,132.57,128.76,24.24,0.1829,0.6703,0.1364,6.9321,0.7519,169.52,35.09,Overgrown,Medium,—,—
COL_083,High,7,3,1429.3,1604422,0.7187,4909.7,0.8119,400.1,714.6,1149.3,144.58,141.72,23.58,0.1631,0.6938,0.1121,6.7223,0.658,214.5,42.78,Overgrown,Medium,25.0,20.0
COL_084,High,4,4,225,39761,0.7023,679.5,0.7485,71.6,112.5,195.3,127.5,122.91,23.77,0.1864,0.744,0.1304,5.6542,0.5929,148.02,34.74,Immature,Low,—,—
COL_084,High,5,4,447.2,157056,0.8604,1394,0.7982,139.1,223.6,364.3,131.69,129.78,18.12,0.1376,0.7114,0.1099,6.435,0.5924,241.74,36.09,Standard,Medium,—,—
COL_084,High,6,4,843.1,558221,0.7416,2419.6,0.9462,251.6,421.5,691.3,135.8,141.64,23.31,0.1716,0.8191,0.0915,6.8314,0.6216,222.73,36.00,Standard,Medium,—,—
COL_084,High,7,4,1281.8,1290330,0.648,3930.8,0.7886,373,640.9,1061.2,118.33,129.79,30.87,0.2609,0.8591,0.105,5.8752,0.6668,192.1,32.57,Overgrown,Low,28.8,20.0
COL_085,High,3,3,225,39761,0.705,648.8,0.8104,60.8,112.5,188.9,145.14,151.14,23.27,0.1603,0.8829,0.1234,6.2252,0.6513,151.22,37.96,Immature,Medium,—,—
COL_085,High,4,3,362.2,103057,0.7225,1154.6,0.784,107,181.1,271.9,126.74,131.59,20.87,0.1647,0.672,0.1202,6.301,0.655,165.82,39.40,Standard,Medium,—,—
COL_085,High,5,3,654.1,336044,0.7211,2106.1,0.8471,206.7,327.1,511.7,142.18,139.33,21.97,0.1545,0.7566,0.1053,7.3552,0.5327,235.69,50.13,Standard,Medium,—,—
COL_085,High,6,3,977.6,750546,0.7395,3288.6,0.8636,289.4,488.8,843,123.6,124.29,23.69,0.1917,0.8099,0.1229,6.7075,0.6403,216.25,41.09,Overgrown,Medium,—,—
COL_085,High,7,3,1401.9,1543599,0.7302,4422.9,0.8732,414.1,701,1123.8,132.18,132.75,24.14,0.1827,0.814,0.1011,6.7079,0.622,162.79,43.73,Overgrown,Medium,32.3,20.0
COL_086,High,4,4,228.9,41138,0.6777,743.4,0.7445,62.2,114.4,191.4,122.37,121.26,17.64,0.1441,0.8227,0.0741,6.6635,0.7267,169.68,42.04,Immature,Medium,—,—
COL_086,High,5,4,566.1,251689,0.7718,1762,0.8943,152.3,283,494.9,143.32,146.9,32.7,0.2282,0.8091,0.1109,6.0884,0.739,193.77,33.38,Standard,Low,—,—
COL_086,High,6,4,1058.7,880327,0.7267,3091.1,0.7733,334,529.4,958.9,132.13,138.72,17.97,0.136,0.7094,0.1107,6.1427,0.667,214.73,29.11,Overgrown,Low,—,—
COL_086,High,7,4,1606.2,2026332,0.7589,4812.5,0.8015,476.1,803.1,1354.7,131.88,132.26,21.67,0.1643,0.6389,0.0986,6.8491,0.8258,162.86,33.20,Overgrown,Low,38.3,20.0
COL_087,High,4,4,225,39761,0.6531,738.6,0.8882,64.6,112.5,197.4,146.08,155.02,22.41,0.1534,0.6668,0.1045,5.3594,0.6525,188.36,28.25,Immature,Low,—,—
COL_087,High,5,4,490.5,188958,0.7558,1625.6,0.8345,147.9,245.2,434.7,130.97,141.26,17.65,0.1347,0.7224,0.1218,6.0939,0.7411,193.27,23.27,Standard,Low,—,—
COL_087,High,6,4,872.7,598224,0.8264,2475.6,0.8092,227.1,436.4,718.6,119.97,124.01,23.87,0.199,0.8029,0.0843,5.8058,0.6818,169.58,23.89,Standard,Low,—,—
COL_087,High,7,4,1348.9,1429110,0.8042,4521.1,0.8037,415,674.5,1123,133.68,135.88,23.01,0.1721,0.759,0.1203,5.6185,0.6182,155.47,27.73,Overgrown,Low,29.9,20.0
COL_088,High,2,2,225,39761,0.736,724.9,0.7525,75.9,112.5,203.4,122.4,119.26,12.93,0.1056,0.6253,0.1157,5.6474,0.6544,153.64,21.09,Immature,Low,—,—
COL_088,High,3,2,452.5,160837,0.8187,1286.6,0.8005,120.1,226.3,401,138.11,133.62,20.34,0.1472,0.5523,0.1197,6.0755,0.6546,223.11,25.58,Standard,Low,—,—
COL_088,High,4,2,794.4,495619,0.6525,2370.3,0.7268,258.1,397.2,653,130.89,128.99,18.32,0.14,0.7804,0.0888,6.2127,0.7165,168.51,31.21,Standard,Low,—,—
COL_088,High,5,2,1272.9,1272643,0.7164,4006.6,0.7875,386,636.5,960.8,108.14,111.22,27.55,0.2547,0.713,0.1189,5.9358,0.7066,133.17,28.10,Overgrown,Low,—,—
COL_088,High,6,2,1792.4,2523196,0.8223,6334.4,0.7935,474.7,896.2,1552.4,146.65,147.19,19.77,0.1348,0.7856,0.0925,6.7032,0.6849,223.92,38.59,Overgrown,Medium,—,—
COL_088,High,7,2,2436.7,4663461,0.7339,8125,0.7248,757.7,1218.4,1937.7,144.28,142.99,28.47,0.1973,0.6346,0.1415,6.5366,0.7521,220.47,34.88,Overgrown,Low,29.0,20.0
COL_089,High,5,5,225,39761,0.7966,694.6,0.8043,65.4,112.5,198.5,143.54,144.95,22.04,0.1536,0.7341,0.097,6.2835,0.6997,207.8,37.70,Immature,Medium,—,—
COL_089,High,6,5,571.1,256135,0.7111,1867.7,0.7429,181.3,285.5,473.6,118.52,119.92,12.7,0.1072,0.7183,0.1146,5.6196,0.6398,146.62,19.36,Standard,Low,—,—
COL_089,High,7,5,1005.7,794360,0.809,3156.9,0.8905,311.7,502.8,824.8,128.13,121.12,22.97,0.1792,0.7873,0.141,6.7848,0.6408,234.38,40.18,Overgrown,Medium,36.0,20.0
COL_090,High,5,5,316.5,78651,0.8726,987.6,0.717,111.9,158.2,263,132.01,137.79,20.97,0.1588,0.7528,0.0771,5.8969,0.6477,201.35,24.95,Standard,Low,—,—
COL_090,High,6,5,754.7,447348,0.8935,2383.3,0.9097,221.5,377.4,614.9,134.03,132.95,18.69,0.1394,0.6827,0.0762,6.9079,0.7417,178.87,34.29,Standard,Low,—,—
COL_090,High,7,5,1368.5,1470830,0.9018,4022,0.8136,441.8,684.2,1186.3,130.78,122.28,20.16,0.1542,0.6695,0.1171,6.4151,0.6999,222.88,25.88,Overgrown,Low,45.9,20.0